end_gy,peak_velocity,sd,end_gx,type,start_gy,mean_gx,end_time,start_gx,amplitude,blink_id,rms,duration,mean_gy,start_time,end_point
,,,,blink,,,623737.7676174999,,,1.0,,,,623737.6221385,
,,,,blink,,,623738.245209,,,2.0,,,,623738.102182,
,,,,blink,,,623739.0956745,,,3.0,,,,623738.9660904999,
,,,,blink,,,623741.371407,,,4.0,,,,623741.285,
,,,,blink,,,623741.791186,,,5.0,,,,623741.702664,
,,,,blink,,,623743.7250689999,,,6.0,,,,623743.4023655,
,,,,blink,,,623749.8318319999,,,7.0,,,,623749.6903194999,
,,,,blink,,,623750.1627664999,,,8.0,,,,623750.047674,
,,,,blink,,,623755.8354235,,,9.0,,,,623755.7214945,
,,,,blink,,,623757.116066,,,10.0,,,,623757.0000315,
,,,,blink,,,623757.7030105,,,11.0,,,,623757.5888315,
,,,,blink,,,623761.627105,,,12.0,,,,623761.4571295,
,,,,blink,,,623762.032481,,,13.0,,,,623761.777036,
,,,,blink,,,623762.321247,,,14.0,,,,623762.21877,
,,,,blink,,,623764.640688,,,15.0,,,,623764.4788915,
,,,,blink,,,623767.67083,,,16.0,,,,623767.4768534999,
,,,,blink,,,623767.970681,,,17.0,,,,623767.8573075,
,,,,blink,,,623768.1521715,,,18.0,,,,623768.063006,
,,,,blink,,,623770.582677,,,19.0,,,,623770.4029260001,
,,,,blink,,,623771.0173279999,,,20.0,,,,623770.868988,
,,,,blink,,,623773.9370925,,,21.0,,,,623773.8191505,
,,,,blink,,,623775.4654244999,,,22.0,,,,623775.333997,
,,,,blink,,,623776.046777,,,23.0,,,,623775.9215365,
,,,,blink,,,623776.3901035,,,24.0,,,,623776.2537044999,
,,,,blink,,,623776.741649,,,25.0,,,,623776.6194255,
,,,,blink,,,623778.269266,,,26.0,,,,623778.140998,
,,,,blink,,,623778.5473084999,,,27.0,,,,623778.4146575,
,,,,blink,,,623779.4148494999,,,28.0,,,,623779.2911065,
,,,,blink,,,623780.1983545,,,29.0,,,,623780.072665,
,,,,blink,,,623781.3307745,,,30.0,,,,623781.2031164999,
,,,,blink,,,623781.5334305,,,31.0,,,,623781.4375785,
,,,,blink,,,623782.235071,,,32.0,,,,623781.7709075,
,,,,blink,,,623782.483636,,,33.0,,,,623782.398644,
,,,,blink,,,623785.5873675,,,34.0,,,,623785.4516365,
,,,,blink,,,623786.28311,,,35.0,,,,623786.097936,
,,,,blink,,,623787.2035299999,,,36.0,,,,623786.606487,
,,,,blink,,,623788.4832595,,,37.0,,,,623788.3205555,
,,,,blink,,,623789.316595,,,38.0,,,,623789.161473,
,,,,blink,,,623790.840414,,,39.0,,,,623790.832105,
,,,,blink,,,623791.37755,,,40.0,,,,623791.308299,
,,,,blink,,,623791.527185,,,41.0,,,,623791.509402,
,,,,blink,,,623791.785294,,,42.0,,,,623791.7638995,
,,,,blink,,,623792.2381915001,,,43.0,,,,623792.0200535,
,,,,blink,,,623792.5508864999,,,44.0,,,,623792.3515775,
,,,,blink,,,623793.0435629999,,,45.0,,,,623792.956402,
,,,,blink,,,623793.5064739999,,,46.0,,,,623793.223354,
,,,,blink,,,623795.2396515,,,47.0,,,,623795.06108,
,,,,blink,,,623795.905014,,,48.0,,,,623795.750748,
,,,,blink,,,623796.17332,,,49.0,,,,623796.098245,
,,,,blink,,,623796.9185925,,,50.0,,,,623796.750587,
,,,,blink,,,623797.9348535,,,51.0,,,,623797.8055449999,
,,,,blink,,,623798.322023,,,52.0,,,,623798.1677725001,
,,,,blink,,,623798.665166,,,53.0,,,,623798.527903,
,,,,blink,,,623798.786986,,,54.0,,,,623798.743364,
,,,,blink,,,623799.304305,,,55.0,,,,623799.2080890001,
,,,,blink,,,623799.562238,,,56.0,,,,623799.484606,
,,,,blink,,,623799.9309505001,,,57.0,,,,623799.7705155,
,,,,blink,,,623800.1678555,,,58.0,,,,623800.0416529999,
,,,,blink,,,623800.3982994999,,,59.0,,,,623800.36503,
,,,,blink,,,623801.919172,,,60.0,,,,623801.7426435,
,,,,blink,,,623802.661151,,,61.0,,,,623802.597567,
,,,,blink,,,623802.92694,,,62.0,,,,623802.792563,
,,,,blink,,,623808.505634,,,63.0,,,,623808.3676325,
,,,,blink,,,623808.8581574999,,,64.0,,,,623808.715462,
,,,,blink,,,623809.2234675,,,65.0,,,,623808.952631,
,,,,blink,,,623812.5048785,,,66.0,,,,623812.4003475,
,,,,blink,,,623815.8582355,,,67.0,,,,623815.7754345001,
,,,,blink,,,623818.261417,,,68.0,,,,623818.1271095,
,,,,blink,,,623819.2978025,,,69.0,,,,623819.1651565,
,,,,blink,,,623819.986422,,,70.0,,,,623819.8766835,
,,,,blink,,,623821.468274,,,71.0,,,,623821.3148875,
,,,,blink,,,623824.6636969999,,,72.0,,,,623824.5052819999,
,,,,blink,,,623825.076559,,,73.0,,,,623824.9612815001,
,,,,blink,,,623827.4082749999,,,74.0,,,,623827.385835,
,,,,blink,,,623828.35238,,,75.0,,,,623828.2053,
,,,,blink,,,623828.843677,,,76.0,,,,623828.615611,
,,,,blink,,,623831.6458055,,,77.0,,,,623831.520277,
,,,,blink,,,623831.9035585,,,78.0,,,,623831.7754535,
,,,,blink,,,623833.8928395,,,79.0,,,,623833.7568109999,
,,,,blink,,,623835.3332835,,,80.0,,,,623835.1973925,
,,,,blink,,,623837.005017,,,81.0,,,,623836.873858,
,,,,blink,,,623839.1867104999,,,82.0,,,,623839.0383804999,
,,,,blink,,,623840.7892155,,,83.0,,,,623840.6436399999,
,,,,blink,,,623842.0540145,,,84.0,,,,623841.9331435,
,,,,blink,,,623842.3365,,,85.0,,,,623842.2044055,
,,,,blink,,,623845.2096375,,,86.0,,,,623845.049079,
,,,,blink,,,623846.419932,,,87.0,,,,623846.211538,
,,,,blink,,,623846.689456,,,88.0,,,,623846.585869,
,,,,blink,,,623848.384785,,,89.0,,,,623848.2528315,
,,,,blink,,,623849.701576,,,90.0,,,,623849.5604615,
,,,,blink,,,623850.8343189999,,,91.0,,,,623850.693744,
,,,,blink,,,623852.78401,,,92.0,,,,623852.6201085,
,,,,blink,,,623854.6197385,,,93.0,,,,623854.472181,
,,,,blink,,,623855.4083315,,,94.0,,,,623855.2446095,
,,,,blink,,,623857.471669,,,95.0,,,,623857.3145689999,
,,,,blink,,,623859.5533865,,,96.0,,,,623859.4117495001,
,,,,blink,,,623861.187218,,,97.0,,,,623861.0295579999,
,,,,blink,,,623862.031989,,,98.0,,,,623861.919946,
,,,,blink,,,623862.5177585001,,,99.0,,,,623862.3973205,
,,,,blink,,,623862.9225939999,,,100.0,,,,623862.778716,
,,,,blink,,,623863.35644,,,101.0,,,,623863.231515,
,,,,blink,,,623864.3766234999,,,102.0,,,,623864.2102125001,
,,,,blink,,,623864.699831,,,103.0,,,,623864.5431895,
,,,,blink,,,623865.0507465,,,104.0,,,,623864.9423765,
,,,,blink,,,623865.9593084999,,,105.0,,,,623865.8216804999,
,,,,blink,,,623867.8246225,,,106.0,,,,623867.6737520001,
,,,,blink,,,623869.048541,,,107.0,,,,623868.8958294999,
,,,,blink,,,623869.444253,,,108.0,,,,623869.3168355001,
,,,,blink,,,623871.4238205,,,109.0,,,,623871.2806170001,
,,,,blink,,,623873.1579495,,,110.0,,,,623873.0080029999,
,,,,blink,,,623876.4092035,,,111.0,,,,623876.234979,
,,,,blink,,,623877.7338445,,,112.0,,,,623877.5916164999,
,,,,blink,,,623877.9377355,,,113.0,,,,623877.821694,
,,,,blink,,,623878.925725,,,114.0,,,,623878.768772,
,,,,blink,,,623880.4225625,,,115.0,,,,623880.2790285,
,,,,blink,,,623880.7416224999,,,116.0,,,,623880.621998,
,,,,blink,,,623885.3297965,,,117.0,,,,623885.1837205,
,,,,blink,,,623885.604431,,,118.0,,,,623885.4783105,
,,,,blink,,,623887.6367255,,,119.0,,,,623887.4955150001,
,,,,blink,,,623887.8611765,,,120.0,,,,623887.7427439999,
,,,,blink,,,623889.758929,,,121.0,,,,623889.673392,
,,,,blink,,,623890.606709,,,122.0,,,,623890.469341,
,,,,blink,,,623894.7168955,,,123.0,,,,623894.5652655,
,,,,blink,,,623896.4964409999,,,124.0,,,,623896.358165,
,,,,blink,,,623897.592039,,,125.0,,,,623897.4558275,
,,,,blink,,,623899.118026,,,126.0,,,,623898.951561,
,,,,blink,,,623900.4433619999,,,127.0,,,,623900.2952515001,
,,,,blink,,,623901.528139,,,128.0,,,,623901.3737415,
,,,,blink,,,623905.42239,,,129.0,,,,623905.2469464999,
,,,,blink,,,623906.90692,,,130.0,,,,623906.7377249999,
,,,,blink,,,623908.985236,,,131.0,,,,623908.8353895,
,,,,blink,,,623913.6883345,,,132.0,,,,623913.553796,
,,,,blink,,,623915.196567,,,133.0,,,,623915.051536,
,,,,blink,,,623917.182999,,,134.0,,,,623917.048848,
,,,,blink,,,623917.4507744999,,,135.0,,,,623917.3119075,
,,,,blink,,,623917.985089,,,136.0,,,,623917.8381205,
,,,,blink,,,623919.614129,,,137.0,,,,623919.4880184999,
,,,,blink,,,623920.481512,,,138.0,,,,623920.311711,
,,,,blink,,,623921.329899,,,139.0,,,,623921.1844425,
,,,,blink,,,623922.5813094999,,,140.0,,,,623922.437201,
,,,,blink,,,623922.8988485,,,141.0,,,,623922.7478435,
,,,,blink,,,623924.208259,,,142.0,,,,623924.053681,
,,,,blink,,,623926.880781,,,143.0,,,,623926.739078,
,,,,blink,,,623928.53263,,,144.0,,,,623928.3957045,
,,,,blink,,,623930.635332,,,145.0,,,,623930.488628,
,,,,blink,,,623932.449321,,,146.0,,,,623932.30914,
,,,,blink,,,623933.9718085,,,147.0,,,,623933.8389719999,
,,,,blink,,,623936.927722,,,148.0,,,,623936.800905,
,,,,blink,,,623938.795572,,,149.0,,,,623938.6671714999,
,,,,blink,,,623940.195985,,,150.0,,,,623940.0632885001,
,,,,blink,,,623940.77469,,,151.0,,,,623940.645104,
,,,,blink,,,623941.6870545,,,152.0,,,,623941.5535575,
,,,,blink,,,623943.5326484999,,,153.0,,,,623943.4050799999,
,,,,blink,,,623945.419221,,,154.0,,,,623945.285055,
,,,,blink,,,623950.6734875,,,155.0,,,,623950.5340365,
,,,,blink,,,623955.314702,,,156.0,,,,623955.182884,
,,,,blink,,,623955.902145,,,157.0,,,,623955.763317,
,,,,blink,,,623956.7586439999,,,158.0,,,,623956.5943505,
,,,,blink,,,623957.0958445,,,159.0,,,,623956.957818,
,,,,blink,,,623957.394801,,,160.0,,,,623957.252551,
,,,,blink,,,623957.8956645,,,161.0,,,,623957.7670219999,
,,,,blink,,,623958.266698,,,162.0,,,,623958.1317465,
,,,,blink,,,623959.2746745,,,163.0,,,,623959.1387765,
,,,,blink,,,623959.5262394999,,,164.0,,,,623959.4061959999,
,,,,blink,,,623960.606215,,,165.0,,,,623960.4553789999,
,,,,blink,,,623961.169133,,,166.0,,,,623961.0363105,
,,,,blink,,,623962.7260975,,,167.0,,,,623962.5700735,
,,,,blink,,,623963.222906,,,168.0,,,,623963.1004665,
,,,,blink,,,623965.923599,,,169.0,,,,623965.7810249999,
,,,,blink,,,623967.5174475,,,170.0,,,,623967.3766145001,
,,,,blink,,,623968.420871,,,171.0,,,,623968.2762839999,
,,,,blink,,,623968.8077369999,,,172.0,,,,623968.6806125001,
,,,,blink,,,623969.4434689999,,,173.0,,,,623969.294749,
,,,,blink,,,623969.697088,,,174.0,,,,623969.5706859999,
,,,,blink,,,623971.7365605,,,175.0,,,,623971.596083,
,,,,blink,,,623972.5270334999,,,176.0,,,,623972.392042,
,,,,blink,,,623973.515259,,,177.0,,,,623973.3688235,
,,,,blink,,,623974.849747,,,178.0,,,,623974.709386,
,,,,blink,,,623977.1479145,,,179.0,,,,623977.010002,
,,,,blink,,,623977.9552765,,,180.0,,,,623977.803894,
,,,,blink,,,623978.6854805,,,181.0,,,,623978.5371874999,
,,,,blink,,,623979.5689165001,,,182.0,,,,623979.4344639999,
,,,,blink,,,623980.734648,,,183.0,,,,623980.5951449999,
,,,,blink,,,623981.8452910001,,,184.0,,,,623981.705364,
,,,,blink,,,623982.0703825001,,,185.0,,,,623981.950738,
,,,,blink,,,623984.0110875,,,186.0,,,,623983.857187,
,,,,blink,,,623985.322747,,,187.0,,,,623985.1365805,
,,,,blink,,,623987.0450585,,,188.0,,,,623986.9006320001,
,,,,blink,,,623991.1181955,,,189.0,,,,623990.962206,
,,,,blink,,,623995.023512,,,190.0,,,,623994.8568295001,
,,,,blink,,,623997.2313265,,,191.0,,,,623997.0751654999,
,,,,blink,,,623999.95853,,,192.0,,,,623999.834806,
,,,,blink,,,624002.1312465,,,193.0,,,,624002.0379775,
,,,,blink,,,624002.3262199999,,,194.0,,,,624002.1895105,
,,,,blink,,,624003.252905,,,195.0,,,,624003.111359,
,,,,blink,,,624004.762518,,,196.0,,,,624004.624224,
,,,,blink,,,624006.233316,,,197.0,,,,624006.0569835,
,,,,blink,,,624007.094043,,,198.0,,,,624006.9565995,
,,,,blink,,,624007.464272,,,199.0,,,,624007.2583039999,
,,,,blink,,,624007.756827,,,200.0,,,,624007.738368,
,,,,blink,,,624008.0790629999,,,201.0,,,,624007.949067,
,,,,blink,,,624008.231808,,,202.0,,,,624008.14643,
,,,,blink,,,624008.513132,,,203.0,,,,624008.3852595,
,,,,blink,,,624009.0272355,,,204.0,,,,624008.8932155,
,,,,blink,,,624012.834908,,,205.0,,,,624012.6850739999,
,,,,blink,,,624013.813423,,,206.0,,,,624013.6710375,
,,,,blink,,,624019.2722059999,,,207.0,,,,624019.132129,
,,,,blink,,,624021.0823214999,,,208.0,,,,624020.916792,
,,,,blink,,,624023.0351410001,,,209.0,,,,624022.8886975,
,,,,blink,,,624026.4113795001,,,210.0,,,,624026.2492175,
,,,,blink,,,624030.5168600001,,,211.0,,,,624030.38599,
,,,,blink,,,624030.8486009999,,,212.0,,,,624030.7096909999,
,,,,blink,,,624031.2649225,,,213.0,,,,624031.0984354999,
,,,,blink,,,624031.6679529999,,,214.0,,,,624031.523795,
,,,,blink,,,624032.135747,,,215.0,,,,624031.9932265,
,,,,blink,,,624032.769827,,,216.0,,,,624032.729135,
,,,,blink,,,624033.148666,,,217.0,,,,624032.9639925,
,,,,blink,,,624033.48312,,,218.0,,,,624033.3498879999,
,,,,blink,,,624034.0168365,,,219.0,,,,624033.8799854999,
,,,,blink,,,624036.428771,,,220.0,,,,624036.266334,
,,,,blink,,,624037.47505,,,221.0,,,,624037.3224589999,
,,,,blink,,,624038.005261,,,222.0,,,,624037.8519455,
,,,,blink,,,624038.8244169999,,,223.0,,,,624038.686973,
,,,,blink,,,624039.836513,,,224.0,,,,624039.7000155,
,,,,blink,,,624040.144236,,,225.0,,,,624039.9870674999,
,,,,blink,,,624040.909558,,,226.0,,,,624040.7442719999,
,,,,blink,,,624041.212423,,,227.0,,,,624041.0733805,
,,,,blink,,,624042.5115315,,,228.0,,,,624042.375612,
,,,,blink,,,624042.8739495,,,229.0,,,,624042.826547,
,,,,blink,,,624043.414218,,,230.0,,,,624043.256334,
,,,,blink,,,624045.018745,,,231.0,,,,624044.868808,
,,,,blink,,,624046.684232,,,232.0,,,,624046.522458,
,,,,blink,,,624047.8090540001,,,233.0,,,,624047.6653064999,
,,,,blink,,,624048.6573835,,,234.0,,,,624048.4947939999,
,,,,blink,,,624049.7797095,,,235.0,,,,624049.6501785,
,,,,blink,,,624051.0993969999,,,236.0,,,,624050.9569890001,
,,,,blink,,,624051.9434074999,,,237.0,,,,624051.7823645,
,,,,blink,,,624053.111295,,,238.0,,,,624052.8293029999,
,,,,blink,,,624055.1434759999,,,239.0,,,,624054.9975445,
,,,,blink,,,624055.4890920001,,,240.0,,,,624055.3403975,
,,,,blink,,,624057.151827,,,241.0,,,,624057.0126359999,
,,,,blink,,,624058.94208,,,242.0,,,,624058.7819125,
,,,,blink,,,624059.416044,,,243.0,,,,624059.274343,
,,,,blink,,,624060.396751,,,244.0,,,,624060.2507895001,
,,,,blink,,,624061.0066035,,,245.0,,,,624060.8995165,
,,,,blink,,,624062.034944,,,246.0,,,,624061.882794,
,,,,blink,,,624062.4944275001,,,247.0,,,,624062.3617085,
,,,,blink,,,624063.7081195,,,248.0,,,,624063.57031,
,,,,blink,,,624064.772886,,,249.0,,,,624064.634705,
,,,,blink,,,624065.20699,,,250.0,,,,624065.0460049999,
,,,,blink,,,624065.806094,,,251.0,,,,624065.6469035,
,,,,blink,,,624067.8407945,,,252.0,,,,624067.7017359999,
,,,,blink,,,624069.1342714999,,,253.0,,,,624068.9870354999,
,,,,blink,,,624069.8594394999,,,254.0,,,,624069.7212255,
,,,,blink,,,624070.359179,,,255.0,,,,624070.1879334999,
,,,,blink,,,624070.65314,,,256.0,,,,624070.512659,
,,,,blink,,,624071.3905239999,,,257.0,,,,624071.2509725001,
,,,,blink,,,624071.820914,,,258.0,,,,624071.681638,
,,,,blink,,,624072.270842,,,259.0,,,,624072.0986494999,
,,,,blink,,,624073.2161655,,,260.0,,,,624073.0683124999,
,,,,blink,,,624074.4844185,,,261.0,,,,624074.3497649999,
,,,,blink,,,624076.234626,,,262.0,,,,624076.073693,
,,,,blink,,,624076.7387295,,,263.0,,,,624076.587922,
,,,,blink,,,624078.324708,,,264.0,,,,624078.1781695,
,,,,blink,,,624079.551563,,,265.0,,,,624079.386265,
,,,,blink,,,624080.539998,,,266.0,,,,624080.4076825,
,,,,blink,,,624081.51052,,,267.0,,,,624081.128956,
,,,,blink,,,624081.780777,,,268.0,,,,624081.6078665,
,,,,blink,,,624082.302582,,,269.0,,,,624082.170044,
,,,,blink,,,624084.373639,,,270.0,,,,624084.2375025,
,,,,blink,,,624084.7315475,,,271.0,,,,624084.5889585,
,,,,blink,,,624085.4177504999,,,272.0,,,,624085.2418785,
,,,,blink,,,624085.546471,,,273.0,,,,624085.468838,
,,,,blink,,,624086.444228,,,274.0,,,,624086.363703,
,,,,blink,,,624086.947206,,,275.0,,,,624086.790395,
,,,,blink,,,624088.319947,,,276.0,,,,624088.1807395,
,,,,blink,,,624089.220634,,,277.0,,,,624089.0698065,
,,,,blink,,,624090.339695,,,278.0,,,,624090.1634945,
,,,,blink,,,624091.671403,,,279.0,,,,624091.5223775001,
,,,,blink,,,624092.9004210001,,,280.0,,,,624092.7579310001,
,,,,blink,,,624094.5626425,,,281.0,,,,624094.3999884999,
,,,,blink,,,624095.100527,,,282.0,,,,624094.9322265,
,,,,blink,,,624095.9557455,,,283.0,,,,624095.8208084999,
,,,,blink,,,624098.7882399999,,,284.0,,,,624098.6446219999,
,,,,blink,,,624100.335139,,,285.0,,,,624100.197725,
,,,,blink,,,624101.339971,,,286.0,,,,624101.185966,
,,,,blink,,,624102.337067,,,287.0,,,,624102.1904015,
,,,,blink,,,624103.267731,,,288.0,,,,624103.1025884999,
,,,,blink,,,624104.6722220001,,,289.0,,,,624104.534488,
,,,,blink,,,624104.931416,,,290.0,,,,624104.8073105,
,,,,blink,,,624106.4988185,,,291.0,,,,624106.3626514999,
,,,,blink,,,624108.867405,,,292.0,,,,624108.721671,
,,,,blink,,,624110.74822,,,293.0,,,,624110.6096854999,
,,,,blink,,,624112.347231,,,294.0,,,,624112.2063165,
,,,,blink,,,624112.793347,,,295.0,,,,624112.6634849999,
,,,,blink,,,624113.8160239999,,,296.0,,,,624113.6683595,
,,,,blink,,,624114.71594,,,297.0,,,,624114.5679875,
,,,,blink,,,624116.259817,,,298.0,,,,624116.117393,
,,,,blink,,,624116.522936,,,299.0,,,,624116.387767,
,,,,blink,,,624117.005232,,,300.0,,,,624116.9152785,
,,,,blink,,,624118.7031415,,,301.0,,,,624118.5623015,
,,,,blink,,,624119.538085,,,302.0,,,,624119.4014184999,
,,,,blink,,,624120.66943,,,303.0,,,,624120.5189380001,
,,,,blink,,,624121.889236,,,304.0,,,,624121.7532579999,
,,,,blink,,,624123.016039,,,305.0,,,,624122.8663545,
,,,,blink,,,624124.540764,,,306.0,,,,624124.3756744999,
,,,,blink,,,624126.927046,,,307.0,,,,624126.7735705,
,,,,blink,,,624127.8110435,,,308.0,,,,624127.505232,
,,,,blink,,,624127.995073,,,309.0,,,,624127.857622,
,,,,blink,,,624129.686578,,,310.0,,,,624129.5544385,
,,,,blink,,,624130.7443365001,,,311.0,,,,624130.6016945001,
,,,,blink,,,624131.167522,,,312.0,,,,624131.020971,
,,,,blink,,,624132.6024065,,,313.0,,,,624132.4649624999,
,,,,blink,,,624133.930106,,,314.0,,,,624133.7892509999,
,,,,blink,,,624135.577332,,,315.0,,,,624135.448115,
,,,,blink,,,624137.2596135,,,316.0,,,,624137.117843,
,,,,blink,,,624138.113917,,,317.0,,,,624137.964022,
,,,,blink,,,624138.9231664999,,,318.0,,,,624138.762838,
,,,,blink,,,624139.8478205,,,319.0,,,,624139.7158685001,
,,,,blink,,,624140.9167239999,,,320.0,,,,624140.78525,
,,,,blink,,,624142.583036,,,321.0,,,,624142.44216,
,,,,blink,,,624143.055902,,,322.0,,,,624142.920776,
,,,,blink,,,624143.410225,,,323.0,,,,624143.249722,
,,,,blink,,,624144.649824,,,324.0,,,,624144.503422,
,,,,blink,,,624144.951704,,,325.0,,,,624144.805251,
,,,,blink,,,624145.3565285,,,326.0,,,,624145.208823,
,,,,blink,,,624145.695741,,,327.0,,,,624145.569502,
,,,,blink,,,624147.5677135,,,328.0,,,,624147.4414695,
,,,,blink,,,624148.460923,,,329.0,,,,624148.2689115,
,,,,blink,,,624148.707585,,,330.0,,,,624148.610442,
,,,,blink,,,624149.035906,,,331.0,,,,624148.873911,
,,,,blink,,,624149.5294850001,,,332.0,,,,624149.4338875,
,,,,blink,,,624151.101545,,,333.0,,,,624150.9872345,
,,,,blink,,,624152.515122,,,334.0,,,,624152.3309565,
,,,,blink,,,624153.7487085001,,,335.0,,,,624153.605883,
,,,,blink,,,624154.001616,,,336.0,,,,624153.875396,
,,,,blink,,,624155.081074,,,337.0,,,,624154.921247,
,,,,blink,,,624155.9653,,,338.0,,,,624155.8058835,
,,,,blink,,,624157.023913,,,339.0,,,,624156.865192,
,,,,blink,,,624158.21693,,,340.0,,,,624158.0557655,
,,,,blink,,,624159.4315595,,,341.0,,,,624159.2773595001,
,,,,blink,,,624160.43174,,,342.0,,,,624160.2583425001,
,,,,blink,,,624161.399294,,,343.0,,,,624161.263667,
,,,,blink,,,624162.895843,,,344.0,,,,624162.7391949999,
,,,,blink,,,624163.287991,,,345.0,,,,624163.1270880001,
,,,,blink,,,624164.915783,,,346.0,,,,624164.765043,
,,,,blink,,,624166.134821,,,347.0,,,,624165.9671644999,
,,,,blink,,,624167.20365,,,348.0,,,,624167.0431895,
,,,,blink,,,624168.768049,,,349.0,,,,624168.609225,
,,,,blink,,,624169.4778935,,,350.0,,,,624169.329548,
,,,,blink,,,624170.368923,,,351.0,,,,624170.2132105,
,,,,blink,,,624171.477492,,,352.0,,,,624171.3257820001,
,,,,blink,,,624172.555093,,,353.0,,,,624172.4011075001,
,,,,blink,,,624174.8324165,,,354.0,,,,624174.6912545,
,,,,blink,,,624175.370905,,,355.0,,,,624175.2293324999,
,,,,blink,,,624176.5709325001,,,356.0,,,,624176.4257189999,
,,,,blink,,,624177.754774,,,357.0,,,,624177.5951765,
,,,,blink,,,624178.424393,,,358.0,,,,624178.2729344999,
,,,,blink,,,624179.5368619999,,,359.0,,,,624179.3746795,
,,,,blink,,,624180.575784,,,360.0,,,,624180.303906,
,,,,blink,,,624182.8473365,,,361.0,,,,624182.6978394999,
,,,,blink,,,624184.632686,,,362.0,,,,624184.4820185,
,,,,blink,,,624185.1708869999,,,363.0,,,,624185.0273094999,
,,,,blink,,,624187.7515819999,,,364.0,,,,624187.608635,
,,,,blink,,,624187.97902,,,365.0,,,,624187.8772195,
,,,,blink,,,624188.1682875,,,366.0,,,,624188.066692,
,,,,blink,,,624189.512026,,,367.0,,,,624189.3718514999,
,,,,blink,,,624190.5615755001,,,368.0,,,,624190.4151900001,
,,,,blink,,,624191.211822,,,369.0,,,,624191.067916,
,,,,blink,,,624192.497012,,,370.0,,,,624192.3369275,
,,,,blink,,,624192.8966939999,,,371.0,,,,624192.735815,
,,,,blink,,,624194.57323,,,372.0,,,,624194.4546675,
,,,,blink,,,624195.058251,,,373.0,,,,624194.9071755,
,,,,blink,,,624195.827228,,,374.0,,,,624195.6727229999,
,,,,blink,,,624197.01842,,,375.0,,,,624196.7674100001,
,,,,blink,,,624197.389213,,,376.0,,,,624197.247218,
,,,,blink,,,624197.726759,,,377.0,,,,624197.5795084999,
,,,,blink,,,624197.875492,,,378.0,,,,624197.79986,
,,,,blink,,,624198.5548309999,,,379.0,,,,624198.4101664999,
,,,,blink,,,624200.173804,,,380.0,,,,624199.9971815,
,,,,blink,,,624200.407708,,,381.0,,,,624200.321806,
,,,,blink,,,624201.283934,,,382.0,,,,624201.0468935,
,,,,blink,,,624202.274581,,,383.0,,,,624202.1306385,
,,,,blink,,,624203.582816,,,384.0,,,,624203.4437945,
,,,,blink,,,624204.9293135,,,385.0,,,,624204.7877055,
,,,,blink,,,624206.2173329999,,,386.0,,,,624206.0823794999,
,,,,blink,,,624207.038328,,,387.0,,,,624206.895851,
,,,,blink,,,624207.3502044999,,,388.0,,,,624207.2127575,
,,,,blink,,,624208.2833245,,,389.0,,,,624208.152727,
,,,,blink,,,624208.951959,,,390.0,,,,624208.8170235,
,,,,blink,,,624210.4443585,,,391.0,,,,624210.3066044999,
,,,,blink,,,624211.958523,,,392.0,,,,624211.77021,
,,,,blink,,,624213.045936,,,393.0,,,,624212.8648204999,
,,,,blink,,,624214.6854379999,,,394.0,,,,624214.542579,
,,,,blink,,,624216.0763155,,,395.0,,,,624215.9399194999,
,,,,blink,,,624217.6646405,,,396.0,,,,624217.5374109999,
,,,,blink,,,624219.7739734999,,,397.0,,,,624219.6380875,
,,,,blink,,,624220.284533,,,398.0,,,,624220.110917,
,,,,blink,,,624221.497419,,,399.0,,,,624221.2580510001,
,,,,blink,,,624221.97954,,,400.0,,,,624221.7762035,
,,,,blink,,,624222.9350005,,,401.0,,,,624222.808372,
,,,,blink,,,624223.6902775001,,,402.0,,,,624223.5537365,
,,,,blink,,,624224.363471,,,403.0,,,,624224.2265165,
,,,,blink,,,624224.5354295,,,404.0,,,,624224.4300619999,
,,,,blink,,,624225.612187,,,405.0,,,,624225.468701,
,,,,blink,,,624226.1506904999,,,406.0,,,,624226.0028250001,
,,,,blink,,,624226.4692065,,,407.0,,,,624226.313187,
,,,,blink,,,624227.24774,,,408.0,,,,624227.056913,
,,,,blink,,,624228.418084,,,409.0,,,,624228.373613,
,,,,blink,,,624228.9701355,,,410.0,,,,624228.8201830001,
,,,,blink,,,624229.340753,,,411.0,,,,624229.1770424999,
,,,,blink,,,624229.547443,,,412.0,,,,624229.442099,
,,,,blink,,,624231.105702,,,413.0,,,,624231.0983875,
-50.29953477128714,451.0157180668101,,37.85794356770869,saccade,0.5383265883950642,,623736.3708333333,0.48541582191901,59.749194912650026,,,0.36666666666666664,,623736.0041666667,
0.5818195285047721,11.538331301837287,,0.45038569061389433,saccade,0.6549612605512771,,623740.6833333333,0.45599264105736825,0.07335404672663508,,,0.008333333333333333,,623740.675,
0.35053990596808676,22.39879313124228,,0.385231526707552,saccade,0.11530268485185037,,623741.0541666667,0.3351343621754966,0.2405079744473154,,,0.020833333333333332,,623741.0333333333,
0.03519589595915441,23.570005036931647,,0.33117965720851644,saccade,0.04727030931430291,,623741.0791666667,0.30647520327926225,0.027497217762394353,,,0.0125,,623741.0666666667,
-0.05377005788556492,24.370904765408735,,0.3165905319772502,saccade,-0.0042740102097178915,,623741.0916666667,0.3019977867824776,0.05160170098284292,,,0.008333333333333333,,623741.0833333334,
-0.09424287807525072,2887.802078472025,,0.2795511845811515,saccade,-0.33918879275242375,,623741.1708333333,0.358336306332247,0.2573008509513673,,,0.041666666666666664,,623741.1291666667,
-0.306388103297398,3389.494088107449,,0.36091468427528356,saccade,-0.3099774209063963,,623741.5583333333,0.36113446356181106,0.0035959687195150003,,,0.025,,623741.5333333333,
-7.8428767588984805,3275.2994682626636,,-11.018162458826723,saccade,-0.3079389108450053,,623741.5791666667,0.3606279961968052,13.622472501586543,,,0.008333333333333333,,623741.5708333333,
0.4669156689913666,45.49486787591741,,0.10437472207278817,saccade,0.18358658061360433,,623786.4333333333,0.7065901880704365,0.6655329295040608,,,0.020833333333333332,,623786.4125,
0.38271598952006325,109.40267237099073,,0.29554126297976047,saccade,0.18626808021711636,,623786.4625,0.7077789131701003,0.45664924875651847,,,0.008333333333333333,,623786.4541666667,
0.3551071322966033,96.91942922883746,,0.4027237036799409,saccade,0.18123105002192377,,623786.4833333333,0.7110823495866742,0.35399861208780437,,,0.008333333333333333,,623786.475,
0.7297430186714351,24.45825582891096,,0.4798016735358421,saccade,0.777360432160125,,623789.8916666667,0.4622374792455999,0.050752002286177225,,,0.020833333333333332,,623789.8708333333,
0.7184435611497951,66.58449954281897,,0.5539822906960448,saccade,0.7837411510063729,,623790.6416666667,0.6677072112863319,0.13113598587352404,,,0.025,,623790.6166666667,
0.8874953386306806,257.11082696977735,,0.17368430196949733,saccade,0.513921434021124,,623790.7166666667,0.5482164365207307,0.5289855824627965,,,0.07083333333333333,,623790.6458333334,
0.3851180944787546,30.25252943544732,,0.4407111338827007,saccade,0.26422782201566325,,623791.2041666667,0.4765903099096581,0.12609851824507828,,,0.008333333333333333,,623791.1958333333,
0.3011379713748023,13.157723722230335,,0.8576403847149805,saccade,0.283429630087903,,623792.7291666666,0.8784655405144979,0.027334968240883196,,,0.008333333333333333,,623792.7208333333,
0.28318265233137,12.95371740445028,,0.8857590725115975,saccade,0.33035313467012006,,623792.75,0.8607439702354054,0.05338813433192861,,,0.008333333333333333,,623792.7416666667,
0.2544476783531895,21.598116085976045,,0.902752523418401,saccade,0.3319395815185784,,623792.8083333333,0.8613582948438835,0.08784676367646237,,,0.025,,623792.7833333333,
0.2645252238032629,18.51978314588467,,0.8990081221983471,saccade,0.24972950340986172,,623792.85,0.9013443600889587,0.01497722659585618,,,0.0125,,623792.8375,
0.5105348311951007,9.90792288539996,,0.09449893496427478,saccade,0.5000851051571775,,623797.15,0.13143662190164462,0.03838735548813393,,,0.008333333333333333,,623797.1416666667,
0.5256281045176413,19.273780516211627,,0.2075735820511573,saccade,0.5555281741413568,,623797.1625,0.2954421170102355,0.0928163573801158,,,0.008333333333333333,,623797.1541666667,
0.2699544542820296,28.83758126088895,,0.29641764863272113,saccade,0.23506083451655085,,623800.9333333333,0.18768027769754841,0.1141987672536042,,,0.008333333333333333,,623800.925,
0.2700934034550964,11.857177308345207,,0.1813714619841904,saccade,0.22326458752852557,,623802.4041666667,0.16737728318327766,0.04887488841956278,,,0.008333333333333333,,623802.3958333334,
0.20677940553152901,46.49360044417632,,0.1690276594265672,saccade,0.08127532514046915,,623802.45,0.16813445671309143,0.12550671553669515,,,0.020833333333333332,,623802.4291666667,
-0.13861279503096266,53.08837855239036,,0.1922041972227317,saccade,-0.004869042180009131,,623802.4625,0.16194761215875295,0.13712286862047873,,,0.008333333333333333,,623802.4541666667,
0.35809384838789415,17.66605077673767,,0.41560648880100864,saccade,0.38212126860348494,,623820.6208333333,0.4541866561535809,0.045450114989615556,,,0.0125,,623820.6083333333,
0.48550481597609824,10.770253205638035,,0.3799126810606777,saccade,0.4849412519911808,,623821.7166666667,0.32966106820035196,0.050254772773443916,,,0.008333333333333333,,623821.7083333334,
0.48555677172915257,9.908065571749368,,0.24602614323618927,saccade,0.47662650461631273,,623821.7416666667,0.20768273236003137,0.0393696021621128,,,0.008333333333333333,,623821.7333333333,
0.4690688529637269,11.500205374273433,,0.23248000161628532,saccade,0.4351414928117629,,623822.075,0.17381570961173923,0.06776835804245851,,,0.008333333333333333,,623822.0666666667,
0.2761004104084539,41.369267756365346,,0.731315742556634,saccade,0.2685279507071057,,623827.175,0.7187270260769784,0.014690430451421654,,,0.0125,,623827.1625,
0.10248793826752621,41.969753132306586,,0.66384879599537,saccade,0.12164210822299605,,623827.1875,0.6130053210181587,0.05433135006324244,,,0.008333333333333333,,623827.1791666667,
-0.006871844895253446,39.58699401021168,,0.5096066578029432,saccade,-0.09284888505090505,,623827.2208333333,0.4065059199261903,0.134243581403734,,,0.029166666666666667,,623827.1916666667,
-0.18753854817080037,36.65608623794335,,0.5263451813191864,saccade,-0.11462589194447867,,623827.2416666667,0.3631509305866574,0.17874085990058242,,,0.016666666666666666,,623827.225,
0.4255800246231854,11.745279418530505,,0.545133223178811,saccade,0.470115326722181,,623830.975,0.4928175966207276,0.06870338459175798,,,0.008333333333333333,,623830.9666666667,
0.4483568761859917,17.582802492970103,,0.33357865509571866,saccade,0.4588030195508544,,623849.1416666667,0.25500485479336477,0.07926513173824387,,,0.008333333333333333,,623849.1333333333,
0.4388696198228424,9.468923111000866,,0.15112550471243286,saccade,0.4255064944311249,,623850.9833333333,0.11928572532539641,0.03453032973872917,,,0.008333333333333333,,623850.975,
0.6525846438622679,12.307554522578227,,0.28386167145055513,saccade,0.6613734963358434,,623867.0333333333,0.3398836890724854,0.05670721374744909,,,0.008333333333333333,,623867.025,
0.5260006156232072,20.24905572516582,,0.39623177039254387,saccade,0.5270919324639499,,623874.3083333333,0.45430520524617596,0.058083687406406806,,,0.008333333333333333,,623874.3,
0.3161849182630577,50.80186820285048,,0.6704530627914304,saccade,0.19804743287167367,,623889.55,0.6577400763966113,0.11881165995064186,,,0.008333333333333333,,623889.5416666666,
0.5509204102688089,13.693259414277843,,0.10207410895681447,saccade,0.48813601162013054,,623894.9125,0.037448222485967575,0.09010205132872318,,,0.008333333333333333,,623894.9041666667,
0.47608544574051087,13.149577030779621,,0.11173574035792724,saccade,0.4553319596631823,,623920.7416666667,0.06592973187170803,0.05028813517565346,,,0.008333333333333333,,623920.7333333333,
0.625753434504328,17.40292344965014,,0.6788505060995104,saccade,0.5387556916018933,,623989.35,0.6662356708479488,0.08790164122684747,,,0.008333333333333333,,623989.3416666667,
0.15367687913026268,147.25426486100577,,0.6176103511735008,saccade,0.5390351681545684,,624007.6291666667,0.6086688529633628,0.38543995066064946,,,0.029166666666666667,,624007.6,
0.5420697199855464,155.60595237861835,,0.5174988879697192,saccade,0.49159816206533913,,624032.5708333333,0.6125739017048704,0.10764008582061492,,,0.041666666666666664,,624032.5291666667,
-0.08899582565299605,207.61149180866641,,0.6379170807660379,saccade,0.5390351681545684,,624032.6083333333,0.6086688529633628,0.6286745612714533,,,0.03333333333333333,,624032.575,
0.5570466188967372,8.957680455655977,,0.5552204613105793,saccade,0.5563533674787993,,624066.2708333334,0.6094713878678905,0.054255355304889806,,,0.008333333333333333,,624066.2625,
0.5995259171695092,9.461510712330965,,0.351015891402653,saccade,0.5631862692109141,,624074.7958333333,0.3944572514530652,0.05663625893158259,,,0.008333333333333333,,624074.7875,
-0.012546820222829257,94.28788908848172,,0.4994060866649492,saccade,0.10157533815437561,,624081.975,0.3202798668242827,0.2123897188587241,,,0.058333333333333334,,624081.9166666666,
0.025197933649840465,93.09485739972804,,0.4869459398421413,saccade,0.21431578404208879,,624081.9958333333,0.15219302097268336,0.3844786907809083,,,0.008333333333333333,,624081.9875,
0.02838742049443599,91.51185257553401,,0.4830727022094211,saccade,0.015314703797318075,,624082.0583333333,0.4885029118705644,0.014155239790004484,,,0.05416666666666667,,624082.0041666667,
0.14990839896405836,79.68316836385601,,0.22225154595301855,saccade,0.45095041156180293,,624220.475,0.4463218452388574,0.3752740224738898,,,0.05416666666666667,,624220.4208333333,
0.2936598106049001,17.90292805292527,,0.8909933083393294,saccade,0.36054889659899736,,624227.4125,0.9019042195872782,0.06776505461643606,,,0.008333333333333333,,624227.4041666667,
0.49083792045090363,23.78086050504069,,0.48193023130101115,saccade,0.4024410714347037,,624228.1291666667,0.47997710115529046,0.08841531002807627,,,0.008333333333333333,,624228.1208333333,
0.4520391554963818,13.889612554939022,,0.48119712038004087,saccade,0.39584824712035993,,624228.1416666667,0.4841572303220484,0.056266831798277725,,,0.008333333333333333,,624228.1333333333,
0.5214592074098395,24.60915794672574,,0.30442097960824727,saccade,0.05024176987611237,,624230.6291666667,0.28735437531688574,0.4715201151900867,,,0.029166666666666667,,624230.6,
-0.21256600333609516,97.24211003797701,,0.3270241852329439,saccade,0.18229633433091633,,624230.7166666667,0.47026401452661676,0.4200312911455901,,,0.025,,624230.6916666667,
0.2440908464984755,151.71222844787684,,0.49222776972460985,saccade,-0.20676883869833226,,624230.7625,0.3443680551412139,0.4744744500419928,,,0.041666666666666664,,624230.7208333333,
0.527311857110174,185.5479067045505,,0.5887215715228165,saccade,-0.20765563331445722,,624230.7833333333,0.34714222396379973,0.7736284403702831,,,0.0125,,624230.7708333334,
0.48591585554104455,174.82698920893324,,0.5752038877465916,saccade,0.527311857110174,,624230.8375,0.5887215715228165,0.04354514814376018,,,0.04583333333333333,,624230.7916666666,
-0.24200132608681316,195.2388887897753,,0.32427508714187175,saccade,-0.18622310813011278,,624230.85,0.34255779174072276,0.058697201845542134,,,0.008333333333333333,,624230.8416666667,
0.5256634051780382,193.39978134857296,,0.5881528689669901,saccade,0.527311857110174,,624230.9166666666,0.5887215715228165,0.0017437113948407966,,,0.0625,,624230.8541666666,
-0.10552546521481651,192.41071978413328,,0.3755377278674464,saccade,0.527311857110174,,624230.9458333333,0.5887215715228165,0.6677586454697048,,,0.025,,624230.9208333333,
,,0.08531709141365029,,fixation,,0.4138113939301622,623737.5232289999,,,,0.0047801807499569,1.0915579999564216,0.6290701303958212,623736.431671,
,,0.0041452477918163325,,fixation,,0.7206226160375745,623738.0050915,,,,0.0006832978564635626,0.1340230000205338,0.33978372587246486,623737.8710685,
,,0.02292030165330546,,fixation,,0.5604122378268211,623738.8696615,,,,0.0024998527457627553,0.5235355000477284,0.6339849709193661,623738.3461259999,
,,0.07220494362771925,,fixation,,0.36748408656687315,623740.676372,,,,0.006424429420489545,1.4799590000184253,0.572585896905079,623739.196413,
,,0.08426310580019299,,fixation,,0.4581710721119835,623741.0335735,,,,0.025252633738731028,0.35004349995870143,0.7886489867331404,623740.68353,
,,6.996537854185097,,fixation,,-4.78390213018683,623741.536151,,,,11.516923730004146,0.06219299999065697,-3.7200751959105904,623741.473958,
,,0.045990356280843685,,fixation,,0.4842066774583381,623743.3037689999,,,,0.004356584467287748,1.4084474998526275,0.5652344934831921,623741.8953215,
,,0.018489706643511544,,fixation,,0.4877634714706336,623749.594224,,,,0.0011299348152500025,5.760685999994166,0.5700793053475507,623743.833538,
,,0.004409107876738281,,fixation,,0.3139277161990169,623755.62286,,,,0.0005082342746144954,5.357539999997243,0.7123176340325988,623750.26532,
,,0.003901295895729261,,fixation,,0.6803656144550126,623756.9066244999,,,,0.0007513498691341528,0.9710144998971373,0.6835354697341831,623755.93561,
,,0.0010509304293426756,,fixation,,0.6795058452164513,623757.4910505,,,,0.0004149869708343561,0.27329450007528067,0.6720804078499855,623757.2177559999,
,,0.002536723213069577,,fixation,,0.6804055775183451,623761.3583835,,,,0.00047510298286414454,3.5537020000629127,0.6753661483613421,623757.8046815,
,,0.004008808341363437,,fixation,,0.6678530527777972,623764.3789194999,,,,0.0005356386295036514,1.957401999970898,0.4128759088980319,623762.4215175,
,,0.003664493612541498,,fixation,,0.6662887362847533,623767.3813135,,,,0.0005335094420529954,2.6377250000368804,0.42330073369118365,623764.7435885,
,,0.0574705629493459,,fixation,,0.2919265290998937,623770.3046565,,,,0.00377358195305692,2.0499124999623746,0.4565571254172758,623768.254744,
,,0.0012882552930260636,,fixation,,0.3010205201898555,623770.7727395,,,,0.0005186398766767317,0.08956550003495067,0.48119152688543765,623770.683174,
,,0.051061839963304025,,fixation,,0.3055743596594702,623773.7242294999,,,,0.003791011002674054,2.6032564998604357,0.4832961981352097,623771.1209730001,
,,0.0650774588356827,,fixation,,0.41529450981081006,623775.2356605,,,,0.005379032853838107,1.1978605000767857,0.66758506146504,623774.0377999999,
,,0.0026248630659527323,,fixation,,0.4588375194684896,623775.8245534999,,,,0.0007650223828163312,0.2577929999679327,0.6560995200606802,623775.5667605,
,,0.056854092801203064,,fixation,,0.4074781524361674,623778.043063,,,,0.0032608276757683336,1.1979915000265464,0.6530027124152035,623776.8450714999,
,,0.03174875090717788,,fixation,,0.46987591673207946,623779.1934664999,,,,0.005373584174963423,0.5441734999185428,0.45020928961942336,623778.649293,
,,0.04399219450087661,,fixation,,0.4783184901781046,623779.9765555,,,,0.004383495814413593,0.4590659999521449,0.6382784146810144,623779.5174895,
,,0.08039261711800197,,fixation,,0.7140718379777313,623781.10503,,,,0.007315279283863424,0.8064345000311732,0.6901095384107386,623780.2985955,
,,0.06724953520312049,,fixation,,0.5397542201248954,623785.352621,,,,0.0036554992425310933,2.7676645000465214,0.7212664865556814,623782.5849565,
,,0.008600544780302966,,fixation,,0.620784077072927,623785.9992495,,,,0.000826694040650469,0.30799999996088445,0.7643898498804674,623785.6912495,
,,0.0593173174044485,,fixation,,0.5457707378141091,623788.2260725,,,,0.0028315598363935057,0.9159394999733195,0.7235352383507991,623787.310133,
,,0.007329725058569502,,fixation,,0.529212218435315,623789.0716464999,,,,0.000658689238773637,0.48637149995192885,0.7644780311610406,623788.585275,
,,0.058933263227720495,,fixation,,0.6189138631784158,623789.877107,,,,0.020616547178916783,0.4591230000369251,0.4458046936508564,623789.4179839999,
,,0.07798267223901784,,fixation,,0.3937115713006827,623790.621248,,,,0.017639771921748072,0.7283804999897256,0.7748640088476989,623789.8928675,
,,0.023369452020259737,,fixation,,0.5477050470028183,623790.771284,,,,0.027292994350698173,0.05250400002114475,0.5022165669462416,623790.71878,
,,0.061763808209782056,,fixation,,0.514329445253781,623791.197424,,,,0.03911193789628439,0.2541419999906793,0.3172524614401704,623790.943282,
,,0.04092911411680704,,fixation,,0.797651095841658,623792.728017,,,,0.05407326004386162,0.06848100002389401,0.31580700670223344,623792.659536,
,,0.24080533777690225,,fixation,,0.42977330189959,623794.9623065,,,,0.013128513051044122,1.3526339998934418,0.4339481449003403,623793.6096725,
,,0.0013198851746311438,,fixation,,0.4436617641120597,623795.6517225,,,,0.0004768733138373423,0.30790500005241483,0.704818813157981,623795.3438174999,
,,0.036969327602604754,,fixation,,0.8442347010102352,623796.6518725,,,,0.004029347753334224,0.37727049994282424,0.329142899215002,623796.274602,
,,0.021978255652006964,,fixation,,0.026704918289076715,623797.145328,,,,0.018123001410072708,0.12168599991127849,0.5198965561473086,623797.023642,
,,0.07871320202602675,,fixation,,0.29545600340665873,623797.706809,,,,0.008070001542830925,0.5410365000134334,0.5837624980866779,623797.1657725,
,,0.00558297734700577,,fixation,,0.4687814998908381,623799.1097905,,,,0.005920226533053269,0.21875150001142174,0.2442950763897797,623798.891039,
,,0.044322827989146406,,fixation,,0.3497060457604373,623800.9295985,,,,0.021914327619721518,0.4278690000064671,0.26548488890632477,623800.5017295,
,,0.07154224324102554,,fixation,,0.14417195897973842,623801.6446209999,,,,0.00993148255849458,0.7109324999619275,0.32119202566036825,623800.9336885,
,,0.015984976790340197,,fixation,,0.16160828269765173,623802.396954,,,,0.015840254182412448,0.37689750001300126,0.21238742966366897,623802.0200565,
,,0.06986117773439329,,fixation,,0.30562681787555407,623808.271383,,,,0.003868990275394581,5.2417149998946115,0.7591109614867074,623803.0296680001,
,,0.18810432143473696,,fixation,,0.5658089574867656,623812.3013754999,,,,0.004966914968039222,2.9717409999575466,0.7062646668942798,623809.3296345,
,,0.03319609485524687,,fixation,,0.8260394047585763,623815.6775535,,,,0.002866965873545978,3.0725925001315773,0.6498018916951518,623812.6049609999,
,,0.07062909008573637,,fixation,,0.7576142376605698,623818.0281529999,,,,0.004056086395072549,2.069474499905482,0.6803001131440752,623815.9586785,
,,0.02134564307849836,,fixation,,0.4368747831936291,623819.066782,,,,0.002519371115493469,0.7041740000713617,0.7125101074639146,623818.3626079999,
,,0.047449252726770655,,fixation,,0.10861834648943348,623819.7794979999,,,,0.004229207985046832,0.37915649986825883,0.5316227954392168,623819.4003415001,
,,0.11851756797468825,,fixation,,0.2641100054241773,623820.610726,,,,0.015833676214667906,0.5239220000803471,0.4531012836915438,623820.086804,
,,0.027999445980739265,,fixation,,0.5545835347537044,623821.2168625,,,,0.008438459690114511,0.5939350000116974,0.4217489124898767,623820.6229274999,
,,0.04670482153473998,,fixation,,0.5408257064354764,623821.708637,,,,0.014833564818013349,0.13997500005643815,0.47418816227885136,623821.5686619999,
,,0.031813230329293674,,fixation,,0.24273034931544638,623822.0677354999,,,,0.008266707838857062,0.3255829999689013,0.47870760875673246,623821.7421525,
,,0.2037529709584795,,fixation,,0.207730099598376,623824.405832,,,,0.009411642533339915,2.3244654999580234,0.4554138858953091,623822.0813665,
,,0.029931175905278332,,fixation,,0.8415461482439881,623824.862269,,,,0.006523896552252753,0.09483650012407452,0.3713061940328415,623824.7674324999,
,,0.021735499687572688,,fixation,,0.8100231603106361,623827.1687939999,,,,0.012205533400408489,1.982990499935113,0.39961273590514074,623825.1858035,
,,0.010099981698245938,,fixation,,0.848692232326439,623828.1078049999,,,,0.0016189102468505906,0.5990159999346361,0.3630217853273462,623827.508789,
,,0.004322573534042743,,fixation,,0.8559098468643025,623828.5175615,,,,0.0016690609077235736,0.06194449996110052,0.37098808932210736,623828.455617,
,,0.10110976351828044,,fixation,,0.6352891964628054,623830.9689024999,,,,0.007494764979244424,2.0225074999034405,0.40552949934865795,623828.946395,
,,0.030543711632692216,,fixation,,0.4319884833594821,623831.4202999999,,,,0.00624301448434108,0.4418379998533055,0.4852209584582273,623830.978462,
,,0.09136973142746255,,fixation,,0.28961757328774157,623833.6607235,,,,0.007139242775300759,1.652320499997586,0.48558244774134024,623832.008403,
,,0.06656819713603375,,fixation,,0.3093740546641557,623835.098692,,,,0.008400070373845962,1.1057405000319704,0.4489812018536892,623833.9929515,
,,0.07311227786712673,,fixation,,0.40823397234341935,623836.7740575,,,,0.0031508134527031863,1.3400980000151321,0.48167080492841324,623835.4339594999,
,,0.017442774231951473,,fixation,,0.43807558090416987,623838.9414955,,,,0.0024753501950748992,1.8351205000653863,0.45841053864013953,623837.106375,
,,0.040476187470481755,,fixation,,0.4578493218706603,623840.544333,,,,0.0031931194727477584,1.2530610000248998,0.46355251845863343,623839.291272,
,,0.05781953139390029,,fixation,,0.46480750186950637,623841.836226,,,,0.004649140395852985,0.94663399993442,0.45976684320365,623840.889592,
,,0.16841186686903076,,fixation,,0.2225332412309948,623844.951836,,,,0.005221388549053088,2.513911999994889,0.4857275798811425,623842.437924,
,,0.17173960518445006,,fixation,,0.23961198349232668,623846.112395,,,,0.011425047890338607,0.8019719999283552,0.4924839775203506,623845.310423,
,,0.00802740381177718,,fixation,,0.0725004157405419,623848.1561660001,,,,0.0017428222883332722,1.3634040000615641,0.4829732604659398,623846.792762,
,,0.12182499951796762,,fixation,,0.6131034594319726,623849.1342,,,,0.010297986508499135,0.6484524999978021,0.3950035760702193,623848.4857475,
,,0.025874384622270753,,fixation,,0.1523008071694092,623849.46334,,,,0.010111415423027867,0.3190475000301376,0.4483919844381177,623849.1442925,
,,0.10358087642888009,,fixation,,0.7644372120253998,623850.5967379999,,,,0.009512414238663537,0.7946959999389946,0.37814270880747425,623849.802042,
,,0.01877668692279782,,fixation,,0.14291819239679496,623852.521727,,,,0.0019154799845299635,1.5354700000025332,0.46184980073071225,623850.986257,
,,0.13100241788285127,,fixation,,0.3443498019332605,623854.375985,,,,0.004849165559524964,1.4903235000092536,0.493089389942419,623852.8856615,
,,0.165765625504009,,fixation,,0.2492713507020247,623855.1471025,,,,0.011557689601685938,0.4237054999684915,0.6505738727870057,623854.723397,
,,0.006740671993625344,,fixation,,0.45010879424116174,623857.2200704999,,,,0.0012263346943088066,1.7086994999554008,0.4661158859396167,623855.511371,
,,0.11386717905184535,,fixation,,0.4505230329828932,623859.3145715,,,,0.0037564282213705838,1.742021500132978,0.5621123556077675,623857.5725499999,
,,0.045115301014844705,,fixation,,0.45451209590623953,623860.930216,,,,0.0043944368885210925,1.2759030000306666,0.4747496624258561,623859.6543129999,
,,0.15036921688131616,,fixation,,0.5628405634765714,623861.821576,,,,0.022536527576660987,0.5315389999886975,0.35657753314670065,623861.290037,
,,0.005383311127745137,,fixation,,0.468711040708043,623862.2989745,,,,0.0008035911938129683,0.16485600010491908,0.6709082096000599,623862.1341184999,
,,0.0038746891918455422,,fixation,,0.6285239290366982,623862.6817775001,,,,0.001198143939313554,0.059371500043198466,0.7029227027241005,623862.622406,
,,0.005617921761117907,,fixation,,0.46494087438897835,623863.1346665,,,,0.0009739780837234669,0.10920299997087568,0.6390412617339843,623863.0254635001,
,,0.13197419952288253,,fixation,,0.6840121944200291,623864.111312,,,,0.007429516589739911,0.6529884999617934,0.6286249726719456,623863.4583235,
,,0.09640789249260685,,fixation,,0.7024928044807124,623865.7227894999,,,,0.009672542295047028,0.5701829999452457,0.6763793169977746,623865.1526065,
,,0.03770996864977927,,fixation,,0.10549574077609844,623867.0291895,,,,0.008917413422073084,0.9672964999917895,0.5694119628322206,623866.061893,
,,0.10442660175116085,,fixation,,0.8137730687196146,623867.576406,,,,0.011250044074243577,0.5398434998933226,0.6154682714647641,623867.0365625,
,,0.1603623201927312,,fixation,,0.2678089807942879,623868.7972045001,,,,0.008889347762154751,0.8684190000640228,0.461192042200537,623867.9287855,
,,0.008918525953454014,,fixation,,0.499745513002104,623869.2172705,,,,0.0021216392956643487,0.06357650004792958,0.5979679619726348,623869.153694,
,,0.010805418558993984,,fixation,,0.48153820379152884,623871.1808364999,,,,0.000612807334542876,1.6344124998431653,0.3270097907514367,623869.5464240001,
,,0.20901681346313902,,fixation,,0.4555162787730292,623872.9106005,,,,0.0071886293621123715,1.3808959999587387,0.6036428046940139,623871.5297045,
,,0.12122045193524987,,fixation,,0.35441165766320426,623874.3007835,,,,0.01055747709850556,1.0423730000620708,0.4428213671581784,623873.2584104999,
,,0.01780082094481633,,fixation,,0.5136048020893351,623876.1380685,,,,0.0017227479683132286,1.8266989999683574,0.5143584438317925,623874.3113695,
,,0.006397715303222252,,fixation,,0.5355708266995811,623877.4929645,,,,0.000583894758153208,0.9810769999166951,0.5151486086618376,623876.5118875001,
,,0.02265050973205472,,fixation,,0.5389673306530786,623878.6700444999,,,,0.002039203153889041,0.6317019999260083,0.5247207751690264,623878.0383425,
,,0.00895056607421307,,fixation,,0.516572240766957,623880.181164,,,,0.0008545469044699928,1.1532374999951571,0.5236034155757107,623879.0279265,
,,0.0060888016535909795,,fixation,,0.5115303318538551,623885.0872035,,,,0.0007164653785150589,4.242241500061937,0.5252478889005,623880.8449619999,
,,0.03431002909330008,,fixation,,0.5342786073719182,623887.395877,,,,0.0025882740263876176,1.691116000059992,0.5205246673634861,623885.7047609999,
,,0.05102552635210582,,fixation,,0.5593335099729017,623889.5436869999,,,,0.016292434576624864,1.5804249999346212,0.518337398476352,623887.963262,
,,0.06276488737544908,,fixation,,0.5021489001201312,623890.370818,,,,0.006474203620498607,0.509895000141114,0.4514858722557369,623889.8609229999,
,,0.18575506172753625,,fixation,,0.6268326240323444,623894.4653525,,,,0.0067888949979086136,3.7582720000064,0.5586279298274718,623890.7070805,
,,0.04216255062773966,,fixation,,0.05921202961679843,623896.261898,,,,0.009009982912457632,1.4384640001226217,0.5149946550004878,623894.8234339999,
,,0.05711671050948955,,fixation,,0.7074015256024256,623897.3570729999,,,,0.002437130711966552,0.7592184999957681,0.6559060844855045,623896.5978544999,
,,0.018007453147173298,,fixation,,0.8751349792286582,623898.855399,,,,0.0017961044124422871,1.1620694999583066,0.37895972490011737,623897.6933295,
,,0.04794057564745719,,fixation,,0.4697337672012646,623900.1966685,,,,0.0025950474179392935,0.9782460000133142,0.5399640595258379,623899.2184225,
,,0.03176477978963788,,fixation,,0.5110980435872087,623901.2768369999,,,,0.002951615281260854,0.7299209998454899,0.5325492989075635,623900.5469160001,
,,0.14210684932432982,,fixation,,0.4507635164085764,623905.1505115,,,,0.004972179716028879,3.522114000050351,0.5840928140624357,623901.6283974999,
,,0.06938024859017161,,fixation,,0.5886015164401347,623906.642547,,,,0.003208399592428928,1.1161019999999553,0.5563006041425221,623905.526445,
,,0.03543306731524718,,fixation,,0.5043798261837839,623908.735523,,,,0.0025101875127435083,1.7263405000558123,0.557143355482063,623907.0091825,
,,0.1626941043158607,,fixation,,0.6913108252932645,623913.4544790001,,,,0.003118306129335813,4.366185000166297,0.6103872378341979,623909.0882939999,
,,0.02897693104445944,,fixation,,0.4601925055195544,623914.9524295,,,,0.0029970894196436875,1.1637209999607876,0.5533289620594948,623913.7887085,
,,0.01589710041508562,,fixation,,0.502891271283822,623916.9515645,,,,0.001316768717263042,1.6522704999661073,0.5331629029741094,623915.299294,
,,0.002073872085138347,,fixation,,0.4661838927913358,623917.740025,,,,0.0007155396956198843,0.18555549997836351,0.5620162219121357,623917.5544695,
,,0.08614377115338438,,fixation,,0.4896927404519481,623919.388409,,,,0.005340694538249434,1.2994070000713691,0.5594348049078354,623918.0890019999,
,,0.041057647168122824,,fixation,,0.8726026460495103,623920.213624,,,,0.003662637674558076,0.4943294998956844,0.4204076942478493,623919.7192945001,
,,0.039000800521100096,,fixation,,0.21534910521615339,623920.7339375,,,,0.016950100574932653,0.15205400006379932,0.5386380050822881,623920.5818835,
,,0.012856919186391685,,fixation,,0.05344369402355251,623921.086046,,,,0.004676377434805706,0.3440640000626445,0.46398272450851813,623920.741982,
,,0.0874763410195017,,fixation,,0.4939818162733168,623922.3391740001,,,,0.004963950235778697,0.9077840000391006,0.5516533111677902,623921.43139,
,,0.02172810174399315,,fixation,,0.4984892745110364,623923.9546635,,,,0.0012585154799207902,0.9549249999690801,0.5479428240634003,623922.9997385,
,,0.005298065103665877,,fixation,,0.5128171513323441,623926.639559,,,,0.0006004489039026607,2.3303785000462085,0.5368211191664213,623924.3091805,
,,0.005642855340102143,,fixation,,0.500798060310124,623928.2992175,,,,0.0006951902636658328,1.3116830000653863,0.5482894936672279,623926.9875345,
,,0.02401488495099512,,fixation,,0.48308313100280137,623930.3905864999,,,,0.0020747640634842576,1.7574534999439493,0.5415505073183878,623928.633133,
,,0.019915751884582014,,fixation,,0.5085053167078204,623932.2102105,,,,0.001695606419513437,1.474476500065066,0.5395578925989188,623930.735734,
,,0.018666049887858194,,fixation,,0.5051743431410056,623933.7398605,,,,0.0014328700421371696,1.1877814999315888,0.5322910825645826,623932.552079,
,,0.03760046337010154,,fixation,,0.5585875961641753,623936.704103,,,,0.0029015187121412475,2.6274149999953806,0.555731777422737,623934.076688,
,,0.08544822257069526,,fixation,,0.7587170499653176,623938.567347,,,,0.001382378667277433,1.5363470000447705,0.6647932480896269,623937.031,
,,0.059586784882982975,,fixation,,0.49854601252900854,623939.9675050001,,,,0.0018516078865377752,1.0714815000537783,0.6012583226640089,623938.8960235,
,,0.0072080647751257285,,fixation,,0.5051395880829027,623940.5455604999,,,,0.0006202627948419597,0.2427564999088645,0.666728263316529,623940.302804,
,,0.012195033168843303,,fixation,,0.518007671812569,623941.4570655,,,,0.0011224456583178385,0.5794185000704601,0.6945341167787438,623940.8776469999,
,,0.031170972687906445,,fixation,,0.5132375430970372,623943.3064645,,,,0.002615828349935008,1.5173200001008809,0.6497530163713154,623941.7891444999,
,,0.016511116663669737,,fixation,,0.5008400753768487,623945.185547,,,,0.0010331329583679267,1.5498184999451041,0.6506152905861023,623943.6357285001,
,,0.0372953490683538,,fixation,,0.5338944473301857,623950.4367384999,,,,0.0010764147587802935,4.913815499981865,0.633240970546949,623945.5229229999,
,,0.0060765528528027085,,fixation,,0.541673662781256,623955.086228,,,,0.000493820399812829,4.31135400000494,0.620701675215665,623950.774874,
,,0.00328860243758905,,fixation,,0.5048179411522657,623955.6651055,,,,0.0006271482267351776,0.2488690000027418,0.6298297529762088,623955.4162365,
,,0.03355431705711775,,fixation,,0.05625237716779536,623956.4970954999,,,,0.006309096633327644,0.4914904999313876,0.4726690172499587,623956.005605,
,,0.009403848855442744,,fixation,,0.8188159280225175,623957.6677085,,,,0.0022481884157942405,0.17066800012253225,0.6871135100616506,623957.4970404999,
,,0.028362428179673434,,fixation,,0.5095102749340613,623959.040357,,,,0.0033555038110873814,0.6733784999232739,0.5901945453533907,623958.3669785,
,,0.05114905751469415,,fixation,,0.4878089279028901,623960.356806,,,,0.0036691020631226096,0.7271654999349266,0.6163558471802207,623959.6296405001,
,,0.0196433743307022,,fixation,,0.490325585370317,623960.9390060001,,,,0.0036070702417841504,0.23247650009579957,0.6137481856713053,623960.7065295,
,,0.028551049997790668,,fixation,,0.5327274042161276,623962.4709844999,,,,0.002493759156939564,1.2016539999749511,0.6207104873448737,623961.2693304999,
,,0.006038763372595038,,fixation,,0.5476942030638982,623963.001575,,,,0.0012681476552318372,0.17253350000828505,0.6221325145468273,623962.8290415,
,,0.04179028453059332,,fixation,,0.543147448072739,623965.68294,,,,0.00217936143557237,2.3588844999903813,0.6203270192481942,623963.3240555,
,,0.010538863259764216,,fixation,,0.6059214773366522,623967.2779915,,,,0.0008449587946348723,1.2485209999140352,0.6550876596476153,623966.0294705001,
,,0.01825813527944999,,fixation,,0.5393947675718481,623968.1772445,,,,0.001499331361350822,0.5585255001205951,0.6224719281206491,623967.6187189999,
,,0.0007896396565962603,,fixation,,0.5221292615938143,623968.5846684999,,,,0.00046835997278766634,0.05967249989043921,0.6267578719544679,623968.524996,
,,0.012469492803422312,,fixation,,0.8224138839162126,623969.1959575,,,,0.0009696165630549333,0.2864739999640733,0.6724487635155769,623968.9094835,
,,0.060931241085000684,,fixation,,0.5620819981430333,623971.500224,,,,0.002078512126726583,1.6984724999638274,0.5863499716038453,623969.8017515,
,,0.0024085293392462587,,fixation,,0.596437425821996,623972.292907,,,,0.0005171050883104136,0.45367150008678436,0.6198210703226676,623971.8392355,
,,0.028599997732443354,,fixation,,0.5524030244732885,623973.2707755,,,,0.0018320946653162375,0.6421000000555068,0.62236450684328,623972.6286754999,
,,0.011677344527457237,,fixation,,0.4846572789322425,623974.6135150001,,,,0.0010446249219686473,0.9957375001395121,0.6348774332708668,623973.6177775,
,,0.13020306202136644,,fixation,,0.6071271557558561,623976.9117525,,,,0.003863600162037011,1.9603314999258146,0.6382950023974385,623974.9514210001,
,,0.016466029434479928,,fixation,,0.5458618425311171,623977.7075875,,,,0.0016395769526632168,0.45759899995755404,0.6260592778476525,623977.2499885,
,,0.15915299362513355,,fixation,,0.3482345472412421,623978.440542,,,,0.01148159242179362,0.3830475000431761,0.6449315266057765,623978.0574945,
,,0.00968396097989601,,fixation,,0.09852549994810925,623979.3353625,,,,0.0010659408397486552,0.5483480000402778,0.5449132210555249,623978.7870145,
,,0.1532560795975706,,fixation,,0.8477522149199036,623980.4993665,,,,0.00915546188622999,0.8276730000507087,0.544230712539586,623979.6716934999,
,,0.06768505657870215,,fixation,,0.5419291457075358,623981.6084735,,,,0.00309905049059858,0.7719275000272319,0.628125845483469,623980.836546,
,,0.150430979085476,,fixation,,0.502740716111659,623983.76235,,,,0.007410135962381697,1.5915464999852702,0.6764039102160472,623982.1708035,
,,0.03315784703314685,,fixation,,0.5017171771542231,623985.0384815,,,,0.003923498721738538,0.9258385000284761,0.4467003867901328,623984.112643,
,,0.18971870107706987,,fixation,,0.5087372290228696,623986.805022,,,,0.00583282546180577,1.381601499975659,0.6073707372732638,623985.4234205,
,,0.1348866492131017,,fixation,,0.5538629572107789,623989.3475395,,,,0.00702758641352826,2.2009184999624267,0.5323869944755959,623987.146621,
,,0.0381617543917295,,fixation,,0.5055628775710334,623990.8631505,,,,0.0037935471869705493,1.5095470000524074,0.49448485116281987,623989.3536034999,
,,0.033342933082161616,,fixation,,0.5016870651216806,623994.760207,,,,0.0014864386654561774,3.538732999935746,0.5513960773478925,623991.221474,
,,0.0536465672043858,,fixation,,0.4929386518141935,623996.976387,,,,0.0039841420488691505,1.8496054999995977,0.5051415170502274,623995.1267815,
,,0.0173435336430035,,fixation,,0.5007754177618811,623999.7351185,,,,0.0017701753867136211,2.401985500007868,0.5538513470944751,623997.333133,
,,0.056822400405880616,,fixation,,0.4025900011803994,624001.9409075,,,,0.0025945152019984986,1.881616499973461,0.623866078104004,624000.059291,
,,0.0029766677186129436,,fixation,,0.5566586436958165,624003.014162,,,,0.0006329063015953362,0.5855515000876039,0.5793587499905501,624002.4286105,
,,0.06931134379518594,,fixation,,0.4287852474165484,624004.5245425,,,,0.004834186830693302,1.1697645001113415,0.6050826661405426,624003.3547779999,
,,0.05131231655735994,,fixation,,0.5764704031619494,624005.9576544999,,,,0.0029537458412679934,1.0913109999382868,0.5867413011481194,624004.8663435,
,,0.013281357602243679,,fixation,,0.5187430994221514,624006.8584115,,,,0.002535119590869449,0.5248165000230074,0.5742607829159667,624006.333595,
,,0.0012045749429105712,,fixation,,0.45293952101371676,624008.797065,,,,0.0004767260495319422,0.18165350006893277,0.6050281805922887,624008.6154115,
,,0.005938751142402816,,fixation,,0.5054640784730777,624012.585823,,,,0.0005513368929884552,3.4561919999541715,0.5578718386670682,624009.129631,
,,0.0017611848829407971,,fixation,,0.5066362881259631,624013.5722165,,,,0.0004891500121009701,0.6338415000354871,0.562925264997612,624012.9383749999,
,,0.007470086453968986,,fixation,,0.5080232099097147,624019.034918,,,,0.00045999255476517287,5.118994000018574,0.5620510528606633,624013.915924,
,,0.003057585955202759,,fixation,,0.5086097550270018,624020.8171069999,,,,0.0004964084508363735,1.4429374999599531,0.5677176410515727,624019.3741695,
,,0.0036973240868202416,,fixation,,0.5235013853234597,624022.7940265001,,,,0.0004224490207821691,1.6114350000862032,0.5787959650742918,624021.1825915,
,,0.002934746315043175,,fixation,,0.5116197050555181,624026.149763,,,,0.00047429945406069347,3.0123630000744015,0.5780402561212149,624023.1373999999,
,,0.007724073622393767,,fixation,,0.5062042366795806,624030.287244,,,,0.0004905639375001022,3.774576999945566,0.5835662791241136,624026.5126670001,
,,0.0005415846351034094,,fixation,,0.5175757154345706,624031.424051,,,,0.0005209855931269772,0.058565499959513545,0.5890065665767752,624031.3654855001,
,,0.006327013712087001,,fixation,,0.5262353963254993,624031.8970880001,,,,0.0015000758342791488,0.12901450006756932,0.5921150901619414,624031.7680735,
,,0.017385432730115058,,fixation,,0.5232367399981043,624032.533226,,,,0.017919475466696033,0.29688850010279566,0.5871394477475449,624032.2363374999,
,,0.0028334788962113265,,fixation,,0.5374936206215507,624033.780099,,,,0.000515437327142024,0.19619849999435246,0.5648859423789817,624033.5839005,
,,0.023209564591480557,,fixation,,0.5207874662224179,624036.1663675,,,,0.0014081023189145066,2.0483459999086335,0.5680204140564137,624034.1180215001,
,,0.01992622944666415,,fixation,,0.5569697281068823,624037.222934,,,,0.0029385664709665215,0.6877854999620467,0.5744930730033875,624036.5351485,
,,0.004155920010893102,,fixation,,0.4524424896972101,624037.7558425,,,,0.0005944849189049783,0.18012000003363937,0.5581187673568929,624037.5757225,
,,0.1574941024350059,,fixation,,0.59662741399065,624038.587466,,,,0.00843070230557776,0.48023250000551343,0.6160364531858253,624038.1072335,
,,0.011089395675629754,,fixation,,0.47579808126789436,624039.6017984999,,,,0.0014174167236262324,0.6729804999195039,0.5640607421631185,624038.928818,
,,0.00827373160553463,,fixation,,0.0857189182244889,624040.6444325,,,,0.003880050389007308,0.39896999998018146,0.4918570337936868,624040.2454625,
,,0.14205522494234354,,fixation,,0.5510910032589793,624042.279291,,,,0.0059126898449073945,0.9649745000060648,0.5957359008117672,624041.3143165,
,,0.0006513560327799431,,fixation,,0.4884280626955892,624042.72774,,,,0.0003565427821218954,0.11578450002707541,0.5676267452163313,624042.6119555,
,,0.0011778261156481227,,fixation,,0.5647793043590554,624043.1595904999,,,,0.0005298820951414222,0.18395949993282557,0.5813275045876523,624042.975631,
,,0.0046528382648280235,,fixation,,0.4636590231276526,624044.770213,,,,0.0006185637554975189,1.2535425000824034,0.5619884663375253,624043.5166704999,
,,0.010208371200580381,,fixation,,0.444972478499408,624046.4238715,,,,0.0006323769608100487,1.304677499923855,0.5504132561691853,624045.119194,
,,0.12447118103271829,,fixation,,0.6465544042971101,624047.5673245001,,,,0.005684685168591068,0.7819515001028776,0.6271831100337273,624046.785373,
,,0.018607101123180397,,fixation,,0.8500890550215469,624048.3992255,,,,0.001486842741809922,0.4884859999874607,0.39434525131259723,624047.9107395,
,,0.029751746999164153,,fixation,,0.4520243135840188,624049.5513745,,,,0.0035239051376079536,0.7917265000287443,0.6314676363971229,624048.759648,
,,0.1156471418131701,,fixation,,0.4494938650026153,624050.861667,,,,0.002773883308413728,0.9789159999927506,0.6546165410226168,624049.882751,
,,0.021688151029887335,,fixation,,0.3735348872984784,624051.6842455,,,,0.001523439666909879,0.4823519999627024,0.6058754462187388,624051.2018935,
,,0.050285902360618626,,fixation,,0.5420515107599326,624052.7334775,,,,0.004361143660340292,0.6858020001091063,0.5665367917341899,624052.0476754999,
,,0.06251969317146736,,fixation,,0.501373003961408,624054.8989865,,,,0.0034302662373674564,1.684722000034526,0.5785062597434802,624053.2142645,
,,0.020258033857586698,,fixation,,0.532340225302274,624056.9132375,,,,0.0019074462485640267,1.3208749999757856,0.5878140045792811,624055.5923625,
,,0.00691705162868668,,fixation,,0.5528287604254027,624058.682205,,,,0.0005614641623244296,1.4284040000056848,0.6085873247975846,624057.253801,
,,0.001813417607021555,,fixation,,0.48520391634926446,624059.1757439999,,,,0.00048498440082198676,0.13258199987467378,0.5931676276389806,624059.043162,
,,0.06678111096514328,,fixation,,0.5848060744790741,624060.1537595,,,,0.004870076097884601,0.6368535000365227,0.6157742177262945,624059.516906,
,,0.018595557731896906,,fixation,,0.45240262201176246,624060.7996915,,,,0.006668749831185328,0.3016265000915155,0.6093516089779907,624060.4980649999,
,,0.02127754727117157,,fixation,,0.07503194035122347,624061.785657,,,,0.004328999554765734,0.676467000041157,0.47613081890717385,624061.10919,
,,0.028214877257344315,,fixation,,0.5914911345865349,624062.263543,,,,0.011662315054605094,0.12638400006107986,0.5428966717976387,624062.1371589999,
,,0.011857583339517405,,fixation,,0.863652378980684,624063.470762,,,,0.0016240031815432526,0.8740934999659657,0.3822900927356203,624062.5966685,
,,0.02338153692531726,,fixation,,0.39668834876326414,624064.5380725,,,,0.0037594419031490175,0.7267065000487491,0.5811434179933315,624063.811366,
,,0.004431181338487783,,fixation,,0.9151607205645081,624064.9478215,,,,0.0013009466966226936,0.07391600008122623,0.4373794951207651,624064.8739054999,
,,0.011081236857746842,,fixation,,0.9055752199280411,624065.5506475,,,,0.0011119137454316185,0.24051999999210238,0.4784750563291527,624065.3101275,
,,0.017785560785649853,,fixation,,0.44599176964665155,624066.2629955,,,,0.006465424917768556,0.35515850002411753,0.5740512476291397,624065.907837,
,,0.05332208557507174,,fixation,,0.7750479828363118,624067.601982,,,,0.0054315098652784975,1.3264429999981076,0.5242821553613554,624066.275539,
,,0.12889820013239225,,fixation,,0.5704958586827844,624068.889714,,,,0.006506764812247632,0.9453490000450984,0.5699023251373471,624067.944365,
,,0.011291717929022196,,fixation,,0.48908135821121884,624069.626575,,,,0.000697002750033271,0.3919445000356063,0.6028001398498193,624069.2346305,
,,0.0013628997079306782,,fixation,,0.5303388020463147,624070.0906664999,,,,0.0005998829455304808,0.12695449986495078,0.6110725685939002,624069.963712,
,,0.033087188107229985,,fixation,,0.42777014290815074,624071.1547824999,,,,0.003158203705175724,0.4006684999912977,0.41248749703665966,624070.7541139999,
,,0.0038536218197253442,,fixation,,0.4549657405279019,624071.5839555,,,,0.0007875776764612141,0.09197950013913214,0.6211920189913581,624071.4919759999,
,,0.0010064317327857053,,fixation,,0.42143329496499793,624072.0004125,,,,0.0004609827447257821,0.07896199997048825,0.6335249823762451,624071.9214505,
,,0.14420542462890543,,fixation,,0.6121198949267078,624072.969814,,,,0.008449846028993662,0.597364499932155,0.6209620782955997,624072.3724495,
,,0.056517776751024665,,fixation,,0.4963722882076586,624074.2542125001,,,,0.00341541568051786,0.9362355000339448,0.5433783000001714,624073.317977,
,,0.019735092663573726,,fixation,,0.27727225608935024,624074.789151,,,,0.007863143890191281,0.20327100006397814,0.6448094761727741,624074.5858799999,
,,0.04096303332800341,,fixation,,0.5173158338736081,624075.976561,,,,0.004403240343779268,1.1805399999720976,0.5371001066718156,624074.796021,
,,0.0015559993843868667,,fixation,,0.5117268132108003,624076.489571,,,,0.000670307234409847,0.15005649998784065,0.5468329836308776,624076.3395145,
,,0.1684105359679925,,fixation,,0.6664978328764924,624078.0800325,,,,0.005564629329672703,1.2390274999197572,0.6125871093392807,624076.841005,
,,0.04305491752437438,,fixation,,0.5500015747729985,624079.289144,,,,0.0032699430536461027,0.8629014999605715,0.5416837230706373,624078.4262425001,
,,0.04462743513190694,,fixation,,0.45556374855591486,624080.3114735,,,,0.0049293686914631245,0.6563669999595731,0.5628675839411926,624079.6551065,
,,0.04331072927471092,,fixation,,0.5219435029909452,624081.0311745,,,,0.004408037869564625,0.3876709999749437,0.5474230560013813,624080.6435035,
,,0.0839151117723553,,fixation,,0.5688213288577552,624084.139978,,,,0.00450371836911127,1.735552999889478,0.5560358623571319,624082.4044250001,
,,0.0019328947711859936,,fixation,,0.8205521849926418,624085.1423925,,,,0.0005533366196253856,0.30929699994158,0.6685638806292659,624084.8330955,
,,0.16654262567886796,,fixation,,0.3248981108219803,624086.265665,,,,0.01385120903375019,0.6167569999815896,0.5271664761872239,624085.648908,
,,0.01350943739006355,,fixation,,0.49993709818377274,624086.6938594999,,,,0.0060733410113852256,0.1488414998166263,0.5358345493197524,624086.5450180001,
,,0.06322696722946844,,fixation,,0.5498353244175943,624088.0824555,,,,0.005307402785784842,1.0349360001273453,0.5428766937035887,624087.0475194999,
,,0.010118934083343602,,fixation,,0.604950994930506,624088.9707995,,,,0.0006343555170915219,0.5458885000552982,0.5855566151719072,624088.424911,
,,0.06322486554204135,,fixation,,0.3951025701888553,624090.0677285,,,,0.0053512999148268145,0.7467709999764338,0.5800534780508414,624089.3209575,
,,0.09040084315643782,,fixation,,0.35648030565641703,624091.424561,,,,0.006415135417793544,0.9841444999910891,0.43893830436856224,624090.4404165,
,,0.1105390277574023,,fixation,,0.6776069012113989,624092.6588514999,,,,0.005800169005573199,0.8840284999459982,0.5701689409875172,624091.774823,
,,0.08400529350475804,,fixation,,0.5910518084177009,624094.3028305001,,,,0.004331205303808418,1.3002335000783205,0.546347071994962,624093.002597,
,,0.012493482485486098,,fixation,,0.8075538484975645,624094.8341585,,,,0.001814286432588642,0.16948099993169308,0.39696699241736577,624094.6646775,
,,0.03695803913488269,,fixation,,0.10868704589831911,624095.7221835,,,,0.007196557506122338,0.5188430000562221,0.4841848332093496,624095.2033404999,
,,0.04537499128922884,,fixation,,0.504154725105006,624098.5477905,,,,0.002782742602578784,2.486608999897726,0.5870848868438506,624096.0611815001,
,,0.019136244888252274,,fixation,,0.5018637995167801,624100.1002674999,,,,0.0013496456729351093,1.2095414998475462,0.5883381522818772,624098.8907260001,
,,0.010872191266460501,,fixation,,0.4794509987926489,624101.087387,,,,0.0010801646929629583,0.6516100000590086,0.5551367417919182,624100.4357769999,
,,0.07744504062929276,,fixation,,0.4985880688838128,624102.0956915,,,,0.004796596539838001,0.6542914999881759,0.5878141875980161,624101.4414,
,,0.019328970108578657,,fixation,,0.4797977277108794,624103.0058235,,,,0.0017790576503754648,0.5650420000310987,0.585396332656109,624102.4407815,
,,0.06568412728396197,,fixation,,0.5053245676828585,624104.4373165,,,,0.0034728309004666605,1.0668900000164285,0.469845107730157,624103.3704265,
,,0.028399475686747125,,fixation,,0.46382642429271714,624106.2667995,,,,0.0014874817544826213,1.2323455000296235,0.5904285467465293,624105.034454,
,,0.008542505093807768,,fixation,,0.40830821417429247,624108.6255315,,,,0.0009213740176634428,2.0262690000236034,0.6009641232103073,624106.5992625,
,,0.059754023803537115,,fixation,,0.5422775985715927,624110.5111255,,,,0.004775395581042068,1.5429850000655279,0.5680949018693802,624108.9681404999,
,,0.025945434480767568,,fixation,,0.4190273828425087,624112.107724,,,,0.0018974061404725456,1.259412500075996,0.6731628057711244,624110.8483114999,
,,0.0006239757639695061,,fixation,,0.5204968254384982,624112.5653565,,,,0.0005107165687397446,0.11444849998224527,0.5538279684876968,624112.450908,
,,0.16993837225290387,,fixation,,0.6557975620312124,624113.5695005,,,,0.009002250769247683,0.6736595000838861,0.583249995211395,624112.8958409999,
,,0.0317762256381762,,fixation,,0.4256015306789942,624114.4730054999,,,,0.0037382723071175228,0.5555079998448491,0.5916160702899063,624113.9174975001,
,,0.16729134169824367,,fixation,,0.46137885072041784,624116.0196905,,,,0.0059893180069951115,1.2011509999865666,0.5855123595392066,624114.8185395,
,,0.007398504394132794,,fixation,,0.4892771354075817,624116.821864,,,,0.010856566701642072,0.19597500003874302,0.36384629477663,624116.625889,
,,0.11780248196090896,,fixation,,0.44226046629071075,624118.46645,,,,0.008987862053401092,1.3582019999157637,0.4374001127165135,624117.108248,
,,0.016516024394273306,,fixation,,0.8106770021352181,624119.3041594999,,,,0.001655802830689868,0.500747999874875,0.604148339358391,624118.8034115001,
,,0.02297567738861075,,fixation,,0.4985382126443438,624120.4211899999,,,,0.0021533281223267025,0.7808324999641627,0.5021053180050046,624119.6403575,
,,0.12216194917118002,,fixation,,0.2734186743518623,624121.6556955,,,,0.008985974988534482,0.8814075000118464,0.5218455073131492,624120.774288,
,,0.041466211936609036,,fixation,,0.551886728244685,624122.7671940001,,,,0.004059091922950862,0.7768125000875443,0.4871558203396284,624121.9903815,
,,0.035941023483857686,,fixation,,0.5349602455375116,624124.277424,,,,0.0014731284871418815,1.1608124999329448,0.5042251704829833,624123.1166115,
,,0.06501191525631304,,fixation,,0.4898619694498253,624126.6738489999,,,,0.004049684435757292,2.0298139998922125,0.528652704513225,624124.644035,
,,0.022088216511433074,,fixation,,0.031963221409008216,624127.405839,,,,0.021129181836066886,0.3785520000383258,0.45421914121430135,624127.027287,
,,0.048709624833237104,,fixation,,0.7133442669363167,624129.4567044999,,,,0.002863932140628402,1.3584384999703616,0.6117906615838776,624128.0982659999,
,,0.042457375402116575,,fixation,,0.40019308083322647,624130.503797,,,,0.0036919101380443495,0.7157800000859424,0.7079666489736621,624129.788017,
,,0.0026470717897039836,,fixation,,0.5056638171933509,624130.9234714999,,,,0.0007716363118943269,0.07456350000575185,0.5282929351741856,624130.8489079999,
,,0.024905395349856953,,fixation,,0.5009614358516614,624132.3695425,,,,0.001019587835779177,1.0982124999864027,0.624445183113728,624131.27133,
,,0.05320434551093825,,fixation,,0.5240617290539338,624133.6920245,,,,0.0029827816457604723,0.9880744999973103,0.6157501434894587,624132.70395,
,,0.09937169911999301,,fixation,,0.4320479728255178,624135.3490615,,,,0.007200374720545312,1.3186640001367778,0.5470296377090647,624134.0303974999,
,,0.0047695216690135985,,fixation,,0.4948033989733006,624137.0201735001,,,,0.0005827339045042196,1.3393290000967681,0.6180203235463047,624135.6808445,
,,0.00917918310128527,,fixation,,0.506688094404408,624137.8690289999,,,,0.001212917168645916,0.5063954999204725,0.6095756380855867,624137.3626335,
,,0.010459780989590382,,fixation,,0.5156803606860467,624138.666084,,,,0.001094376029758676,0.44904450012836605,0.6203977517449868,624138.2170394999,
,,0.002844388338054419,,fixation,,0.5351620639157725,624139.617566,,,,0.0006336320912169913,0.5866779999341816,0.6294021153393375,624139.030888,
,,0.004843137383588325,,fixation,,0.5434479379903935,624140.687471,,,,0.00042871440943274044,0.7372425000648946,0.6347213755949772,624139.9502285,
,,0.028675896171039873,,fixation,,0.5463892001961593,624142.3430649999,,,,0.002453905215646437,1.3254064999055117,0.6284122609420396,624141.0176585,
,,0.001396281509181992,,fixation,,0.5747721864254416,624142.821085,,,,0.000476239677325535,0.1357990000396967,0.645710110912077,624142.6852859999,
,,0.03148420621259497,,fixation,,0.6336143987585079,624144.4042839999,,,,0.0027203820260119985,0.8893274998990819,0.642828168714803,624143.5149565,
,,0.0008146395380566851,,fixation,,0.5052768617384017,624145.1095779999,,,,0.0004520472023463051,0.05478649993892759,0.6349631026439807,624145.0547915,
,,0.12875115500579729,,fixation,,0.5174185715633268,624147.342153,,,,0.005304527266747135,1.5432899999432266,0.6623438497238272,624145.798863,
,,0.029128496645718135,,fixation,,0.7990607247320894,624148.17086,,,,0.0022129726803840227,0.49934799992479384,0.3674362850092738,624147.671512,
,,0.007322696552603457,,fixation,,0.3848657115805318,624149.3350985,,,,0.0009135609582289154,0.19784850010182709,0.676012088989839,624149.1372499999,
,,0.04160303460033758,,fixation,,0.7061966936116563,624150.8872809999,,,,0.0031230793522516,1.2576194999273866,0.6324951805374797,624149.6296615,
,,0.1047579496245693,,fixation,,0.5251020039075153,624152.2348559999,,,,0.004079235973456907,1.0297809999901801,0.6341029236507373,624151.205075,
,,0.05604434034643173,,fixation,,0.4972701911733239,624153.5078304999,,,,0.003273792238527942,0.8923644998576492,0.5627101575042497,624152.615466,
,,0.04021574663384404,,fixation,,0.4160251773794282,624154.824548,,,,0.003585070681362618,0.7228970000287518,0.5304169824476883,624154.101651,
,,0.03132557629040964,,fixation,,0.5393945776839284,624155.7068765,,,,0.003719612594683638,0.5221555000171065,0.5151088152268569,624155.184721,
,,0.05097239217934111,,fixation,,0.5109574893027119,624156.767963,,,,0.003955499903392492,0.6973315000068396,0.5165203171569338,624156.0706315,
,,0.04917241361072793,,fixation,,0.49296179657439343,624157.9572865,,,,0.004074682900690031,0.8325399999739602,0.5016934829027176,624157.1247465,
,,0.043011491250526286,,fixation,,0.5177632445250675,624159.1792525,,,,0.004244025067325597,0.8613374999258667,0.497079915571184,624158.317915,
,,0.020099276806341434,,fixation,,0.12191228913298781,624160.158619,,,,0.0027985299295613646,0.6260149999288842,0.5246037515549555,624159.5326040001,
,,0.08476852786095819,,fixation,,0.5181627193325367,624161.167024,,,,0.006607976337005236,0.6320624999934807,0.6591366423752735,624160.5349615,
,,0.02680229050734399,,fixation,,0.38455876297219815,624162.6394094999,,,,0.001017000235507725,1.1380164999281988,0.6303125815008299,624161.501393,
,,0.14471142105839874,,fixation,,0.44698600079757994,624164.666003,,,,0.006360899328288795,1.2755370000377297,0.5346172756622177,624163.390466,
,,0.03742041974232058,,fixation,,0.42968075162600855,624165.87105,,,,0.0036401080634950174,0.852877999888733,0.49286810495252315,624165.0181720001,
,,0.05039249684681058,,fixation,,0.41586244746261297,624166.946745,,,,0.0037846584466015892,0.7106205000309274,0.5114382559320415,624166.2361244999,
,,0.04194469034548364,,fixation,,0.4320018949285704,624168.513236,,,,0.00323600619029238,1.2090740000130609,0.5054481729840479,624167.304162,
,,0.051264804658740226,,fixation,,0.5056025580510387,624169.2306525,,,,0.004832158631260958,0.36037050001323223,0.6004493415982002,624168.8702819999,
,,0.03574692877245899,,fixation,,0.39946307177757234,624170.1149115,,,,0.0030806561318345083,0.5310405000345781,0.6596334378109453,624169.583871,
,,0.04215114880122439,,fixation,,0.38209861003010476,624171.2281545,,,,0.004025584572627168,0.7579825001303107,0.6747692750659186,624170.4701719999,
,,0.04923499332275598,,fixation,,0.5213965995188687,624172.303332,,,,0.0037504671537826237,0.7241094999480993,0.5584803196643123,624171.5792225001,
,,0.005391684003341578,,fixation,,0.4595163508636871,624174.595828,,,,0.0006034355747087006,1.935308999964036,0.5020311034103716,624172.660519,
,,0.003906722814400121,,fixation,,0.46717655160434984,624175.1328855,,,,0.0006793917687457002,0.20000999991316348,0.47456219439078295,624174.9328755001,
,,0.058077858344153355,,fixation,,0.44924002520873924,624176.325773,,,,0.004187236798873225,0.8517305001150817,0.5726113892890806,624175.4740424999,
,,0.0943015162857409,,fixation,,0.77502433822374,624177.498939,,,,0.004346623700427304,0.8272159999469295,0.4806199624394782,624176.671723,
,,0.02456033621653819,,fixation,,0.40049527181827005,624178.1775905001,,,,0.003634996564223537,0.3213250001426786,0.4936123264212092,624177.8562655,
,,0.0432266953500459,,fixation,,0.2674973635507609,624179.2758165,,,,0.0033127504811711244,0.7479619999649003,0.5394283425731133,624178.5278545,
,,0.027032463253470956,,fixation,,0.3146982271644742,624180.2057355,,,,0.004225118098017337,0.5680529999081045,0.5197147989075972,624179.6376825001,
,,0.032960479322536415,,fixation,,0.5765365636908625,624182.6008875,,,,0.0021891817360422546,1.9229830000549555,0.5399887902181323,624180.6779044999,
,,0.06917357276309942,,fixation,,0.5372351959743162,624184.3828465,,,,0.004028292823112637,1.4350150000536814,0.5790009270454138,624182.9478315,
,,0.0019414244501467916,,fixation,,0.5045587615747438,624184.929303,,,,0.0005930157784770785,0.19275799999013543,0.5848729223130221,624184.736545,
,,0.13054070595319198,,fixation,,0.5807441260904782,624187.5098834999,,,,0.005657003294402094,2.235001999884844,0.5972103108111518,624185.2748815,
,,0.06845637714938198,,fixation,,0.45267898597140194,624189.272367,,,,0.004912765219204277,1.0026500000385568,0.6284457194560578,624188.269717,
,,0.12962662981396647,,fixation,,0.27970701996415853,624190.3152005,,,,0.008001657808570824,0.6987240000162274,0.594496269861463,624189.6164764999,
,,0.04790455960414902,,fixation,,0.5870355918212963,624190.969223,,,,0.00863784941571043,0.3068244999740273,0.474579244834014,624190.6623985,
,,0.1604425546089405,,fixation,,0.6655418678067587,624192.2410655001,,,,0.006522880482697652,0.9274420000147074,0.556023585003316,624191.3136235,
,,0.14089916770901556,,fixation,,0.5752286965966313,624194.3569199999,,,,0.00487007620030261,1.3579154999461025,0.43394985629950805,624192.9990045,
,,0.0013188520934588035,,fixation,,0.8239899629597981,624194.809123,,,,0.0006449891199137369,0.13360950001515448,0.6238873435419183,624194.6755135,
,,0.015412412655228264,,fixation,,0.5047927754521935,624195.576448,,,,0.0018227001642415431,0.4131694999523461,0.5211590299915976,624195.1632785001,
,,0.03206467793911416,,fixation,,0.8075793042519501,624196.669126,,,,0.0015534975096140255,0.7411164999939501,0.4312557399639767,624195.9280095,
,,0.009837939476169295,,fixation,,0.46434239610450184,624198.313309,,,,0.003090378097503822,0.33478050003759563,0.5652992474353628,624197.9785285,
,,0.014427203452596826,,fixation,,0.16687733519835635,624199.898712,,,,0.0015023736095416975,1.2401190000819042,0.5507017949396943,624198.6585929999,
,,0.08363444986408272,,fixation,,0.6478535537597667,624200.947347,,,,0.006731353253518457,0.43436049995943904,0.6232696771633242,624200.5129865,
,,0.033625876084033696,,fixation,,0.4165815812096455,624202.03103,,,,0.0024523046872897765,0.6457704999484122,0.5906347159304102,624201.3852595,
,,0.005153630096214762,,fixation,,0.47544971439112876,624203.3464595,,,,0.0005743737093682635,0.969768000068143,0.6081621060112993,624202.3766915,
,,0.07841896565733035,,fixation,,0.4757649147002007,624204.6895705,,,,0.006471625185550923,1.001644500065595,0.6321412551523063,624203.687926,
,,0.12018385353930976,,fixation,,0.3444451734719542,624205.9849980001,,,,0.006244262218457291,0.951684000203386,0.5749619476443332,624205.0333139999,
,,0.029368087004285875,,fixation,,0.20937864413643165,624206.7968555,,,,0.002999804168067319,0.4708869999740273,0.5079276355624591,624206.3259685,
,,0.06296406546770777,,fixation,,0.4195931707570472,624208.054746,,,,0.006824704543680554,0.6040494999615476,0.5776055744907621,624207.4506965,
,,0.0095439315982505,,fixation,,0.21391459919444203,624208.720702,,,,0.002235640730249378,0.33531600004062057,0.4757674282924539,624208.3853859999,
,,0.05354778288924491,,fixation,,0.3350655110355979,624210.208513,,,,0.0015006291680813818,1.1554330000653863,0.5974421630322169,624209.05308,
,,0.07857566441313697,,fixation,,0.3589830802134243,624211.6705895,,,,0.002904348121590786,1.1258895000210032,0.5831903860994879,624210.5447,
,,0.026081505078314714,,fixation,,0.2569473105928231,624212.7651295001,,,,0.004410591989730224,0.7060105000855401,0.37964754256434313,624212.059119,
,,0.04600294036349018,,fixation,,0.5566471553660585,624214.445542,,,,0.002321856127381892,1.2980910000624135,0.6672217919160259,624213.1474509999,
,,0.028218258788640607,,fixation,,0.4988658742682645,624215.8435765,,,,0.0015688690723110207,1.054848499945365,0.6562520350895861,624214.788728,
,,0.01514784919632875,,fixation,,0.5025883667702923,624217.4419809999,,,,0.0006950909801426633,1.265485499985516,0.7030075800654335,624216.1764954999,
,,0.1117049270437207,,fixation,,0.4193405091479649,624219.5395114999,,,,0.0040607057887540815,1.7717539999866858,0.6438044849367405,624217.7677574999,
,,0.0035670946586781253,,fixation,,0.6251352245722274,624220.0133694999,,,,0.0006932760603519634,0.13841649994719774,0.4354433945283716,624219.874953,
,,0.03895154994491576,,fixation,,0.4798953537206384,624221.159063,,,,0.006963811438697447,0.6817499999888241,0.6530693848643386,624220.477313,
,,0.006664173269707972,,fixation,,0.6428913198994943,624221.6813914999,,,,0.001961018264109183,0.08312499988824129,0.29065449309110053,624221.5982665,
,,0.02565981318885976,,fixation,,0.5666802707921677,624222.7090175,,,,0.001680449383895551,0.6277545001357794,0.5213436905494222,624222.0812629999,
,,0.014340639741569162,,fixation,,0.5235315926491737,624223.454254,,,,0.0009243976243471405,0.4176944999489933,0.6026497355885417,624223.0365595,
,,0.00886621198074981,,fixation,,0.4948973096591961,624224.1295304999,,,,0.0008149038086535084,0.33614349993877113,0.5666535525947832,624223.793387,
,,0.02736714032563357,,fixation,,0.42311615080708626,624225.3711534999,,,,0.0012438645774566345,0.7346579999430105,0.5105359665238132,624224.6364955,
,,0.0055750198657191505,,fixation,,0.41849120413653884,624225.9047985,,,,0.000589094303691971,0.19250500004272908,0.6023771958312198,624225.7122935,
,,0.03212248404838297,,fixation,,0.4121980935824016,624226.95991,,,,0.006498052102342007,0.3860875000245869,0.26098025797959834,624226.5738225,
,,0.03341237316975737,,fixation,,0.8992783143184716,624227.4085619999,,,,0.05468344421188614,0.059239499969407916,0.34968982231737555,624227.3493224999,
,,0.1917482970408371,,fixation,,0.5395196309443556,624228.123548,,,,0.022649028656555586,0.7087430000538006,0.6480799860965129,624227.414805,
,,0.0019920114765966624,,fixation,,0.486412708027328,624228.2751035,,,,0.000683564530583526,0.13195800001267344,0.3971373051994877,624228.1431455,
,,0.01032249932445446,,fixation,,0.40040268626696895,624228.7242594999,,,,0.009903370588580773,0.20541749999392778,0.26071718400749516,624228.5188419999,
,,0.08912210639160359,,fixation,,0.35243685600725505,624230.602934,,,,0.01370920258241781,0.9517094999318942,0.7190176853967516,624229.6512245,
,,0.09201509257330166,,fixation,,0.30185035254717907,624230.69481,,,,0.063396329297308,0.06327799998689443,-0.09519465757991492,624230.631532,
