start_gx,end_gx,blink_id,end_time,end_gy,mean_gx,mean_gy,sd,duration,rms,start_time,type,start_gy,amplitude,peak_velocity,end_point
,,1.0,623737.7676174999,,,,,,,623737.6221385,blink,,,,
,,2.0,623738.245209,,,,,,,623738.102182,blink,,,,
,,3.0,623739.0956745,,,,,,,623738.9660904999,blink,,,,
,,4.0,623741.371407,,,,,,,623741.285,blink,,,,
,,5.0,623741.791186,,,,,,,623741.702664,blink,,,,
,,6.0,623743.7250689999,,,,,,,623743.4023655,blink,,,,
,,7.0,623749.8318319999,,,,,,,623749.6903194999,blink,,,,
,,8.0,623750.1627664999,,,,,,,623750.047674,blink,,,,
,,9.0,623755.8354235,,,,,,,623755.7214945,blink,,,,
,,10.0,623757.116066,,,,,,,623757.0000315,blink,,,,
,,11.0,623757.7030105,,,,,,,623757.5888315,blink,,,,
,,12.0,623761.627105,,,,,,,623761.4571295,blink,,,,
,,13.0,623762.032481,,,,,,,623761.777036,blink,,,,
,,14.0,623762.321247,,,,,,,623762.21877,blink,,,,
,,15.0,623764.640688,,,,,,,623764.4788915,blink,,,,
,,16.0,623767.67083,,,,,,,623767.4768534999,blink,,,,
,,17.0,623767.970681,,,,,,,623767.8573075,blink,,,,
,,18.0,623768.1521715,,,,,,,623768.063006,blink,,,,
,,19.0,623770.582677,,,,,,,623770.4029260001,blink,,,,
,,20.0,623771.0173279999,,,,,,,623770.868988,blink,,,,
,,21.0,623773.9370925,,,,,,,623773.8191505,blink,,,,
,,22.0,623775.4654244999,,,,,,,623775.333997,blink,,,,
,,23.0,623776.046777,,,,,,,623775.9215365,blink,,,,
,,24.0,623776.3901035,,,,,,,623776.2537044999,blink,,,,
,,25.0,623776.741649,,,,,,,623776.6194255,blink,,,,
,,26.0,623778.269266,,,,,,,623778.140998,blink,,,,
,,27.0,623778.5473084999,,,,,,,623778.4146575,blink,,,,
,,28.0,623779.4148494999,,,,,,,623779.2911065,blink,,,,
,,29.0,623780.1983545,,,,,,,623780.072665,blink,,,,
,,30.0,623781.3307745,,,,,,,623781.2031164999,blink,,,,
,,31.0,623781.5334305,,,,,,,623781.4375785,blink,,,,
,,32.0,623782.235071,,,,,,,623781.7709075,blink,,,,
,,33.0,623782.483636,,,,,,,623782.398644,blink,,,,
,,34.0,623785.5873675,,,,,,,623785.4516365,blink,,,,
,,35.0,623786.28311,,,,,,,623786.097936,blink,,,,
,,36.0,623787.2035299999,,,,,,,623786.606487,blink,,,,
,,37.0,623788.4832595,,,,,,,623788.3205555,blink,,,,
,,38.0,623789.316595,,,,,,,623789.161473,blink,,,,
,,39.0,623790.840414,,,,,,,623790.832105,blink,,,,
,,40.0,623791.37755,,,,,,,623791.308299,blink,,,,
,,41.0,623791.527185,,,,,,,623791.509402,blink,,,,
,,42.0,623791.785294,,,,,,,623791.7638995,blink,,,,
,,43.0,623792.2381915001,,,,,,,623792.0200535,blink,,,,
,,44.0,623792.5508864999,,,,,,,623792.3515775,blink,,,,
,,45.0,623793.0435629999,,,,,,,623792.956402,blink,,,,
,,46.0,623793.5064739999,,,,,,,623793.223354,blink,,,,
,,47.0,623795.2396515,,,,,,,623795.06108,blink,,,,
,,48.0,623795.905014,,,,,,,623795.750748,blink,,,,
,,49.0,623796.17332,,,,,,,623796.098245,blink,,,,
,,50.0,623796.9185925,,,,,,,623796.750587,blink,,,,
,,51.0,623797.9348535,,,,,,,623797.8055449999,blink,,,,
,,52.0,623798.322023,,,,,,,623798.1677725001,blink,,,,
,,53.0,623798.665166,,,,,,,623798.527903,blink,,,,
,,54.0,623798.786986,,,,,,,623798.743364,blink,,,,
,,55.0,623799.304305,,,,,,,623799.2080890001,blink,,,,
,,56.0,623799.562238,,,,,,,623799.484606,blink,,,,
,,57.0,623799.9309505001,,,,,,,623799.7705155,blink,,,,
,,58.0,623800.1678555,,,,,,,623800.0416529999,blink,,,,
,,59.0,623800.3982994999,,,,,,,623800.36503,blink,,,,
,,60.0,623801.919172,,,,,,,623801.7426435,blink,,,,
,,61.0,623802.661151,,,,,,,623802.597567,blink,,,,
,,62.0,623802.92694,,,,,,,623802.792563,blink,,,,
,,63.0,623808.505634,,,,,,,623808.3676325,blink,,,,
,,64.0,623808.8581574999,,,,,,,623808.715462,blink,,,,
,,65.0,623809.2234675,,,,,,,623808.952631,blink,,,,
,,66.0,623812.5048785,,,,,,,623812.4003475,blink,,,,
,,67.0,623815.8582355,,,,,,,623815.7754345001,blink,,,,
,,68.0,623818.261417,,,,,,,623818.1271095,blink,,,,
,,69.0,623819.2978025,,,,,,,623819.1651565,blink,,,,
,,70.0,623819.986422,,,,,,,623819.8766835,blink,,,,
,,71.0,623821.468274,,,,,,,623821.3148875,blink,,,,
,,72.0,623824.6636969999,,,,,,,623824.5052819999,blink,,,,
,,73.0,623825.076559,,,,,,,623824.9612815001,blink,,,,
,,74.0,623827.4082749999,,,,,,,623827.385835,blink,,,,
,,75.0,623828.35238,,,,,,,623828.2053,blink,,,,
,,76.0,623828.843677,,,,,,,623828.615611,blink,,,,
,,77.0,623831.6458055,,,,,,,623831.520277,blink,,,,
,,78.0,623831.9035585,,,,,,,623831.7754535,blink,,,,
,,79.0,623833.8928395,,,,,,,623833.7568109999,blink,,,,
,,80.0,623835.3332835,,,,,,,623835.1973925,blink,,,,
,,81.0,623837.005017,,,,,,,623836.873858,blink,,,,
,,82.0,623839.1867104999,,,,,,,623839.0383804999,blink,,,,
,,83.0,623840.7892155,,,,,,,623840.6436399999,blink,,,,
,,84.0,623842.0540145,,,,,,,623841.9331435,blink,,,,
,,85.0,623842.3365,,,,,,,623842.2044055,blink,,,,
,,86.0,623845.2096375,,,,,,,623845.049079,blink,,,,
,,87.0,623846.419932,,,,,,,623846.211538,blink,,,,
,,88.0,623846.689456,,,,,,,623846.585869,blink,,,,
,,89.0,623848.384785,,,,,,,623848.2528315,blink,,,,
,,90.0,623849.701576,,,,,,,623849.5604615,blink,,,,
,,91.0,623850.8343189999,,,,,,,623850.693744,blink,,,,
,,92.0,623852.78401,,,,,,,623852.6201085,blink,,,,
,,93.0,623854.6197385,,,,,,,623854.472181,blink,,,,
,,94.0,623855.4083315,,,,,,,623855.2446095,blink,,,,
,,95.0,623857.471669,,,,,,,623857.3145689999,blink,,,,
,,96.0,623859.5533865,,,,,,,623859.4117495001,blink,,,,
,,97.0,623861.187218,,,,,,,623861.0295579999,blink,,,,
,,98.0,623862.031989,,,,,,,623861.919946,blink,,,,
,,99.0,623862.5177585001,,,,,,,623862.3973205,blink,,,,
,,100.0,623862.9225939999,,,,,,,623862.778716,blink,,,,
,,101.0,623863.35644,,,,,,,623863.231515,blink,,,,
,,102.0,623864.3766234999,,,,,,,623864.2102125001,blink,,,,
,,103.0,623864.699831,,,,,,,623864.5431895,blink,,,,
,,104.0,623865.0507465,,,,,,,623864.9423765,blink,,,,
,,105.0,623865.9593084999,,,,,,,623865.8216804999,blink,,,,
,,106.0,623867.8246225,,,,,,,623867.6737520001,blink,,,,
,,107.0,623869.048541,,,,,,,623868.8958294999,blink,,,,
,,108.0,623869.444253,,,,,,,623869.3168355001,blink,,,,
,,109.0,623871.4238205,,,,,,,623871.2806170001,blink,,,,
,,110.0,623873.1579495,,,,,,,623873.0080029999,blink,,,,
,,111.0,623876.4092035,,,,,,,623876.234979,blink,,,,
,,112.0,623877.7338445,,,,,,,623877.5916164999,blink,,,,
,,113.0,623877.9377355,,,,,,,623877.821694,blink,,,,
,,114.0,623878.925725,,,,,,,623878.768772,blink,,,,
,,115.0,623880.4225625,,,,,,,623880.2790285,blink,,,,
,,116.0,623880.7416224999,,,,,,,623880.621998,blink,,,,
,,117.0,623885.3297965,,,,,,,623885.1837205,blink,,,,
,,118.0,623885.604431,,,,,,,623885.4783105,blink,,,,
,,119.0,623887.6367255,,,,,,,623887.4955150001,blink,,,,
,,120.0,623887.8611765,,,,,,,623887.7427439999,blink,,,,
,,121.0,623889.758929,,,,,,,623889.673392,blink,,,,
,,122.0,623890.606709,,,,,,,623890.469341,blink,,,,
,,123.0,623894.7168955,,,,,,,623894.5652655,blink,,,,
,,124.0,623896.4964409999,,,,,,,623896.358165,blink,,,,
,,125.0,623897.592039,,,,,,,623897.4558275,blink,,,,
,,126.0,623899.118026,,,,,,,623898.951561,blink,,,,
,,127.0,623900.4433619999,,,,,,,623900.2952515001,blink,,,,
,,128.0,623901.528139,,,,,,,623901.3737415,blink,,,,
,,129.0,623905.42239,,,,,,,623905.2469464999,blink,,,,
,,130.0,623906.90692,,,,,,,623906.7377249999,blink,,,,
,,131.0,623908.985236,,,,,,,623908.8353895,blink,,,,
,,132.0,623913.6883345,,,,,,,623913.553796,blink,,,,
,,133.0,623915.196567,,,,,,,623915.051536,blink,,,,
,,134.0,623917.182999,,,,,,,623917.048848,blink,,,,
,,135.0,623917.4507744999,,,,,,,623917.3119075,blink,,,,
,,136.0,623917.985089,,,,,,,623917.8381205,blink,,,,
,,137.0,623919.614129,,,,,,,623919.4880184999,blink,,,,
,,138.0,623920.481512,,,,,,,623920.311711,blink,,,,
,,139.0,623921.329899,,,,,,,623921.1844425,blink,,,,
,,140.0,623922.5813094999,,,,,,,623922.437201,blink,,,,
,,141.0,623922.8988485,,,,,,,623922.7478435,blink,,,,
,,142.0,623924.208259,,,,,,,623924.053681,blink,,,,
,,143.0,623926.880781,,,,,,,623926.739078,blink,,,,
,,144.0,623928.53263,,,,,,,623928.3957045,blink,,,,
,,145.0,623930.635332,,,,,,,623930.488628,blink,,,,
,,146.0,623932.449321,,,,,,,623932.30914,blink,,,,
,,147.0,623933.9718085,,,,,,,623933.8389719999,blink,,,,
,,148.0,623936.927722,,,,,,,623936.800905,blink,,,,
,,149.0,623938.795572,,,,,,,623938.6671714999,blink,,,,
,,150.0,623940.195985,,,,,,,623940.0632885001,blink,,,,
,,151.0,623940.77469,,,,,,,623940.645104,blink,,,,
,,152.0,623941.6870545,,,,,,,623941.5535575,blink,,,,
,,153.0,623943.5326484999,,,,,,,623943.4050799999,blink,,,,
,,154.0,623945.419221,,,,,,,623945.285055,blink,,,,
,,155.0,623950.6734875,,,,,,,623950.5340365,blink,,,,
,,156.0,623955.314702,,,,,,,623955.182884,blink,,,,
,,157.0,623955.902145,,,,,,,623955.763317,blink,,,,
,,158.0,623956.7586439999,,,,,,,623956.5943505,blink,,,,
,,159.0,623957.0958445,,,,,,,623956.957818,blink,,,,
,,160.0,623957.394801,,,,,,,623957.252551,blink,,,,
,,161.0,623957.8956645,,,,,,,623957.7670219999,blink,,,,
,,162.0,623958.266698,,,,,,,623958.1317465,blink,,,,
,,163.0,623959.2746745,,,,,,,623959.1387765,blink,,,,
,,164.0,623959.5262394999,,,,,,,623959.4061959999,blink,,,,
,,165.0,623960.606215,,,,,,,623960.4553789999,blink,,,,
,,166.0,623961.169133,,,,,,,623961.0363105,blink,,,,
,,167.0,623962.7260975,,,,,,,623962.5700735,blink,,,,
,,168.0,623963.222906,,,,,,,623963.1004665,blink,,,,
,,169.0,623965.923599,,,,,,,623965.7810249999,blink,,,,
,,170.0,623967.5174475,,,,,,,623967.3766145001,blink,,,,
,,171.0,623968.420871,,,,,,,623968.2762839999,blink,,,,
,,172.0,623968.8077369999,,,,,,,623968.6806125001,blink,,,,
,,173.0,623969.4434689999,,,,,,,623969.294749,blink,,,,
,,174.0,623969.697088,,,,,,,623969.5706859999,blink,,,,
,,175.0,623971.7365605,,,,,,,623971.596083,blink,,,,
,,176.0,623972.5270334999,,,,,,,623972.392042,blink,,,,
,,177.0,623973.515259,,,,,,,623973.3688235,blink,,,,
,,178.0,623974.849747,,,,,,,623974.709386,blink,,,,
,,179.0,623977.1479145,,,,,,,623977.010002,blink,,,,
,,180.0,623977.9552765,,,,,,,623977.803894,blink,,,,
,,181.0,623978.6854805,,,,,,,623978.5371874999,blink,,,,
,,182.0,623979.5689165001,,,,,,,623979.4344639999,blink,,,,
,,183.0,623980.734648,,,,,,,623980.5951449999,blink,,,,
,,184.0,623981.8452910001,,,,,,,623981.705364,blink,,,,
,,185.0,623982.0703825001,,,,,,,623981.950738,blink,,,,
,,186.0,623984.0110875,,,,,,,623983.857187,blink,,,,
,,187.0,623985.322747,,,,,,,623985.1365805,blink,,,,
,,188.0,623987.0450585,,,,,,,623986.9006320001,blink,,,,
,,189.0,623991.1181955,,,,,,,623990.962206,blink,,,,
,,190.0,623995.023512,,,,,,,623994.8568295001,blink,,,,
,,191.0,623997.2313265,,,,,,,623997.0751654999,blink,,,,
,,192.0,623999.95853,,,,,,,623999.834806,blink,,,,
,,193.0,624002.1312465,,,,,,,624002.0379775,blink,,,,
,,194.0,624002.3262199999,,,,,,,624002.1895105,blink,,,,
,,195.0,624003.252905,,,,,,,624003.111359,blink,,,,
,,196.0,624004.762518,,,,,,,624004.624224,blink,,,,
,,197.0,624006.233316,,,,,,,624006.0569835,blink,,,,
,,198.0,624007.094043,,,,,,,624006.9565995,blink,,,,
,,199.0,624007.464272,,,,,,,624007.2583039999,blink,,,,
,,200.0,624007.756827,,,,,,,624007.738368,blink,,,,
,,201.0,624008.0790629999,,,,,,,624007.949067,blink,,,,
,,202.0,624008.231808,,,,,,,624008.14643,blink,,,,
,,203.0,624008.513132,,,,,,,624008.3852595,blink,,,,
,,204.0,624009.0272355,,,,,,,624008.8932155,blink,,,,
,,205.0,624012.834908,,,,,,,624012.6850739999,blink,,,,
,,206.0,624013.813423,,,,,,,624013.6710375,blink,,,,
,,207.0,624019.2722059999,,,,,,,624019.132129,blink,,,,
,,208.0,624021.0823214999,,,,,,,624020.916792,blink,,,,
,,209.0,624023.0351410001,,,,,,,624022.8886975,blink,,,,
,,210.0,624026.4113795001,,,,,,,624026.2492175,blink,,,,
,,211.0,624030.5168600001,,,,,,,624030.38599,blink,,,,
,,212.0,624030.8486009999,,,,,,,624030.7096909999,blink,,,,
,,213.0,624031.2649225,,,,,,,624031.0984354999,blink,,,,
,,214.0,624031.6679529999,,,,,,,624031.523795,blink,,,,
,,215.0,624032.135747,,,,,,,624031.9932265,blink,,,,
,,216.0,624032.769827,,,,,,,624032.729135,blink,,,,
,,217.0,624033.148666,,,,,,,624032.9639925,blink,,,,
,,218.0,624033.48312,,,,,,,624033.3498879999,blink,,,,
,,219.0,624034.0168365,,,,,,,624033.8799854999,blink,,,,
,,220.0,624036.428771,,,,,,,624036.266334,blink,,,,
,,221.0,624037.47505,,,,,,,624037.3224589999,blink,,,,
,,222.0,624038.005261,,,,,,,624037.8519455,blink,,,,
,,223.0,624038.8244169999,,,,,,,624038.686973,blink,,,,
,,224.0,624039.836513,,,,,,,624039.7000155,blink,,,,
,,225.0,624040.144236,,,,,,,624039.9870674999,blink,,,,
,,226.0,624040.909558,,,,,,,624040.7442719999,blink,,,,
,,227.0,624041.212423,,,,,,,624041.0733805,blink,,,,
,,228.0,624042.5115315,,,,,,,624042.375612,blink,,,,
,,229.0,624042.8739495,,,,,,,624042.826547,blink,,,,
,,230.0,624043.414218,,,,,,,624043.256334,blink,,,,
,,231.0,624045.018745,,,,,,,624044.868808,blink,,,,
,,232.0,624046.684232,,,,,,,624046.522458,blink,,,,
,,233.0,624047.8090540001,,,,,,,624047.6653064999,blink,,,,
,,234.0,624048.6573835,,,,,,,624048.4947939999,blink,,,,
,,235.0,624049.7797095,,,,,,,624049.6501785,blink,,,,
,,236.0,624051.0993969999,,,,,,,624050.9569890001,blink,,,,
,,237.0,624051.9434074999,,,,,,,624051.7823645,blink,,,,
,,238.0,624053.111295,,,,,,,624052.8293029999,blink,,,,
,,239.0,624055.1434759999,,,,,,,624054.9975445,blink,,,,
,,240.0,624055.4890920001,,,,,,,624055.3403975,blink,,,,
,,241.0,624057.151827,,,,,,,624057.0126359999,blink,,,,
,,242.0,624058.94208,,,,,,,624058.7819125,blink,,,,
,,243.0,624059.416044,,,,,,,624059.274343,blink,,,,
,,244.0,624060.396751,,,,,,,624060.2507895001,blink,,,,
,,245.0,624061.0066035,,,,,,,624060.8995165,blink,,,,
,,246.0,624062.034944,,,,,,,624061.882794,blink,,,,
,,247.0,624062.4944275001,,,,,,,624062.3617085,blink,,,,
,,248.0,624063.7081195,,,,,,,624063.57031,blink,,,,
,,249.0,624064.772886,,,,,,,624064.634705,blink,,,,
,,250.0,624065.20699,,,,,,,624065.0460049999,blink,,,,
,,251.0,624065.806094,,,,,,,624065.6469035,blink,,,,
,,252.0,624067.8407945,,,,,,,624067.7017359999,blink,,,,
,,253.0,624069.1342714999,,,,,,,624068.9870354999,blink,,,,
,,254.0,624069.8594394999,,,,,,,624069.7212255,blink,,,,
,,255.0,624070.359179,,,,,,,624070.1879334999,blink,,,,
,,256.0,624070.65314,,,,,,,624070.512659,blink,,,,
,,257.0,624071.3905239999,,,,,,,624071.2509725001,blink,,,,
,,258.0,624071.820914,,,,,,,624071.681638,blink,,,,
,,259.0,624072.270842,,,,,,,624072.0986494999,blink,,,,
,,260.0,624073.2161655,,,,,,,624073.0683124999,blink,,,,
,,261.0,624074.4844185,,,,,,,624074.3497649999,blink,,,,
,,262.0,624076.234626,,,,,,,624076.073693,blink,,,,
,,263.0,624076.7387295,,,,,,,624076.587922,blink,,,,
,,264.0,624078.324708,,,,,,,624078.1781695,blink,,,,
,,265.0,624079.551563,,,,,,,624079.386265,blink,,,,
,,266.0,624080.539998,,,,,,,624080.4076825,blink,,,,
,,267.0,624081.51052,,,,,,,624081.128956,blink,,,,
,,268.0,624081.780777,,,,,,,624081.6078665,blink,,,,
,,269.0,624082.302582,,,,,,,624082.170044,blink,,,,
,,270.0,624084.373639,,,,,,,624084.2375025,blink,,,,
,,271.0,624084.7315475,,,,,,,624084.5889585,blink,,,,
,,272.0,624085.4177504999,,,,,,,624085.2418785,blink,,,,
,,273.0,624085.546471,,,,,,,624085.468838,blink,,,,
,,274.0,624086.444228,,,,,,,624086.363703,blink,,,,
,,275.0,624086.947206,,,,,,,624086.790395,blink,,,,
,,276.0,624088.319947,,,,,,,624088.1807395,blink,,,,
,,277.0,624089.220634,,,,,,,624089.0698065,blink,,,,
,,278.0,624090.339695,,,,,,,624090.1634945,blink,,,,
,,279.0,624091.671403,,,,,,,624091.5223775001,blink,,,,
,,280.0,624092.9004210001,,,,,,,624092.7579310001,blink,,,,
,,281.0,624094.5626425,,,,,,,624094.3999884999,blink,,,,
,,282.0,624095.100527,,,,,,,624094.9322265,blink,,,,
,,283.0,624095.9557455,,,,,,,624095.8208084999,blink,,,,
,,284.0,624098.7882399999,,,,,,,624098.6446219999,blink,,,,
,,285.0,624100.335139,,,,,,,624100.197725,blink,,,,
,,286.0,624101.339971,,,,,,,624101.185966,blink,,,,
,,287.0,624102.337067,,,,,,,624102.1904015,blink,,,,
,,288.0,624103.267731,,,,,,,624103.1025884999,blink,,,,
,,289.0,624104.6722220001,,,,,,,624104.534488,blink,,,,
,,290.0,624104.931416,,,,,,,624104.8073105,blink,,,,
,,291.0,624106.4988185,,,,,,,624106.3626514999,blink,,,,
,,292.0,624108.867405,,,,,,,624108.721671,blink,,,,
,,293.0,624110.74822,,,,,,,624110.6096854999,blink,,,,
,,294.0,624112.347231,,,,,,,624112.2063165,blink,,,,
,,295.0,624112.793347,,,,,,,624112.6634849999,blink,,,,
,,296.0,624113.8160239999,,,,,,,624113.6683595,blink,,,,
,,297.0,624114.71594,,,,,,,624114.5679875,blink,,,,
,,298.0,624116.259817,,,,,,,624116.117393,blink,,,,
,,299.0,624116.522936,,,,,,,624116.387767,blink,,,,
,,300.0,624117.005232,,,,,,,624116.9152785,blink,,,,
,,301.0,624118.7031415,,,,,,,624118.5623015,blink,,,,
,,302.0,624119.538085,,,,,,,624119.4014184999,blink,,,,
,,303.0,624120.66943,,,,,,,624120.5189380001,blink,,,,
,,304.0,624121.889236,,,,,,,624121.7532579999,blink,,,,
,,305.0,624123.016039,,,,,,,624122.8663545,blink,,,,
,,306.0,624124.540764,,,,,,,624124.3756744999,blink,,,,
,,307.0,624126.927046,,,,,,,624126.7735705,blink,,,,
,,308.0,624127.8110435,,,,,,,624127.505232,blink,,,,
,,309.0,624127.995073,,,,,,,624127.857622,blink,,,,
,,310.0,624129.686578,,,,,,,624129.5544385,blink,,,,
,,311.0,624130.7443365001,,,,,,,624130.6016945001,blink,,,,
,,312.0,624131.167522,,,,,,,624131.020971,blink,,,,
,,313.0,624132.6024065,,,,,,,624132.4649624999,blink,,,,
,,314.0,624133.930106,,,,,,,624133.7892509999,blink,,,,
,,315.0,624135.577332,,,,,,,624135.448115,blink,,,,
,,316.0,624137.2596135,,,,,,,624137.117843,blink,,,,
,,317.0,624138.113917,,,,,,,624137.964022,blink,,,,
,,318.0,624138.9231664999,,,,,,,624138.762838,blink,,,,
,,319.0,624139.8478205,,,,,,,624139.7158685001,blink,,,,
,,320.0,624140.9167239999,,,,,,,624140.78525,blink,,,,
,,321.0,624142.583036,,,,,,,624142.44216,blink,,,,
,,322.0,624143.055902,,,,,,,624142.920776,blink,,,,
,,323.0,624143.410225,,,,,,,624143.249722,blink,,,,
,,324.0,624144.649824,,,,,,,624144.503422,blink,,,,
,,325.0,624144.951704,,,,,,,624144.805251,blink,,,,
,,326.0,624145.3565285,,,,,,,624145.208823,blink,,,,
,,327.0,624145.695741,,,,,,,624145.569502,blink,,,,
,,328.0,624147.5677135,,,,,,,624147.4414695,blink,,,,
,,329.0,624148.460923,,,,,,,624148.2689115,blink,,,,
,,330.0,624148.707585,,,,,,,624148.610442,blink,,,,
,,331.0,624149.035906,,,,,,,624148.873911,blink,,,,
,,332.0,624149.5294850001,,,,,,,624149.4338875,blink,,,,
,,333.0,624151.101545,,,,,,,624150.9872345,blink,,,,
,,334.0,624152.515122,,,,,,,624152.3309565,blink,,,,
,,335.0,624153.7487085001,,,,,,,624153.605883,blink,,,,
,,336.0,624154.001616,,,,,,,624153.875396,blink,,,,
,,337.0,624155.081074,,,,,,,624154.921247,blink,,,,
,,338.0,624155.9653,,,,,,,624155.8058835,blink,,,,
,,339.0,624157.023913,,,,,,,624156.865192,blink,,,,
,,340.0,624158.21693,,,,,,,624158.0557655,blink,,,,
,,341.0,624159.4315595,,,,,,,624159.2773595001,blink,,,,
,,342.0,624160.43174,,,,,,,624160.2583425001,blink,,,,
,,343.0,624161.399294,,,,,,,624161.263667,blink,,,,
,,344.0,624162.895843,,,,,,,624162.7391949999,blink,,,,
,,345.0,624163.287991,,,,,,,624163.1270880001,blink,,,,
,,346.0,624164.915783,,,,,,,624164.765043,blink,,,,
,,347.0,624166.134821,,,,,,,624165.9671644999,blink,,,,
,,348.0,624167.20365,,,,,,,624167.0431895,blink,,,,
,,349.0,624168.768049,,,,,,,624168.609225,blink,,,,
,,350.0,624169.4778935,,,,,,,624169.329548,blink,,,,
,,351.0,624170.368923,,,,,,,624170.2132105,blink,,,,
,,352.0,624171.477492,,,,,,,624171.3257820001,blink,,,,
,,353.0,624172.555093,,,,,,,624172.4011075001,blink,,,,
,,354.0,624174.8324165,,,,,,,624174.6912545,blink,,,,
,,355.0,624175.370905,,,,,,,624175.2293324999,blink,,,,
,,356.0,624176.5709325001,,,,,,,624176.4257189999,blink,,,,
,,357.0,624177.754774,,,,,,,624177.5951765,blink,,,,
,,358.0,624178.424393,,,,,,,624178.2729344999,blink,,,,
,,359.0,624179.5368619999,,,,,,,624179.3746795,blink,,,,
,,360.0,624180.575784,,,,,,,624180.303906,blink,,,,
,,361.0,624182.8473365,,,,,,,624182.6978394999,blink,,,,
,,362.0,624184.632686,,,,,,,624184.4820185,blink,,,,
,,363.0,624185.1708869999,,,,,,,624185.0273094999,blink,,,,
,,364.0,624187.7515819999,,,,,,,624187.608635,blink,,,,
,,365.0,624187.97902,,,,,,,624187.8772195,blink,,,,
,,366.0,624188.1682875,,,,,,,624188.066692,blink,,,,
,,367.0,624189.512026,,,,,,,624189.3718514999,blink,,,,
,,368.0,624190.5615755001,,,,,,,624190.4151900001,blink,,,,
,,369.0,624191.211822,,,,,,,624191.067916,blink,,,,
,,370.0,624192.497012,,,,,,,624192.3369275,blink,,,,
,,371.0,624192.8966939999,,,,,,,624192.735815,blink,,,,
,,372.0,624194.57323,,,,,,,624194.4546675,blink,,,,
,,373.0,624195.058251,,,,,,,624194.9071755,blink,,,,
,,374.0,624195.827228,,,,,,,624195.6727229999,blink,,,,
,,375.0,624197.01842,,,,,,,624196.7674100001,blink,,,,
,,376.0,624197.389213,,,,,,,624197.247218,blink,,,,
,,377.0,624197.726759,,,,,,,624197.5795084999,blink,,,,
,,378.0,624197.875492,,,,,,,624197.79986,blink,,,,
,,379.0,624198.5548309999,,,,,,,624198.4101664999,blink,,,,
,,380.0,624200.173804,,,,,,,624199.9971815,blink,,,,
,,381.0,624200.407708,,,,,,,624200.321806,blink,,,,
,,382.0,624201.283934,,,,,,,624201.0468935,blink,,,,
,,383.0,624202.274581,,,,,,,624202.1306385,blink,,,,
,,384.0,624203.582816,,,,,,,624203.4437945,blink,,,,
,,385.0,624204.9293135,,,,,,,624204.7877055,blink,,,,
,,386.0,624206.2173329999,,,,,,,624206.0823794999,blink,,,,
,,387.0,624207.038328,,,,,,,624206.895851,blink,,,,
,,388.0,624207.3502044999,,,,,,,624207.2127575,blink,,,,
,,389.0,624208.2833245,,,,,,,624208.152727,blink,,,,
,,390.0,624208.951959,,,,,,,624208.8170235,blink,,,,
,,391.0,624210.4443585,,,,,,,624210.3066044999,blink,,,,
,,392.0,624211.958523,,,,,,,624211.77021,blink,,,,
,,393.0,624213.045936,,,,,,,624212.8648204999,blink,,,,
,,394.0,624214.6854379999,,,,,,,624214.542579,blink,,,,
,,395.0,624216.0763155,,,,,,,624215.9399194999,blink,,,,
,,396.0,624217.6646405,,,,,,,624217.5374109999,blink,,,,
,,397.0,624219.7739734999,,,,,,,624219.6380875,blink,,,,
,,398.0,624220.284533,,,,,,,624220.110917,blink,,,,
,,399.0,624221.497419,,,,,,,624221.2580510001,blink,,,,
,,400.0,624221.97954,,,,,,,624221.7762035,blink,,,,
,,401.0,624222.9350005,,,,,,,624222.808372,blink,,,,
,,402.0,624223.6902775001,,,,,,,624223.5537365,blink,,,,
,,403.0,624224.363471,,,,,,,624224.2265165,blink,,,,
,,404.0,624224.5354295,,,,,,,624224.4300619999,blink,,,,
,,405.0,624225.612187,,,,,,,624225.468701,blink,,,,
,,406.0,624226.1506904999,,,,,,,624226.0028250001,blink,,,,
,,407.0,624226.4692065,,,,,,,624226.313187,blink,,,,
,,408.0,624227.24774,,,,,,,624227.056913,blink,,,,
,,409.0,624228.418084,,,,,,,624228.373613,blink,,,,
,,410.0,624228.9701355,,,,,,,624228.8201830001,blink,,,,
,,411.0,624229.340753,,,,,,,624229.1770424999,blink,,,,
,,412.0,624229.547443,,,,,,,624229.442099,blink,,,,
,,413.0,624231.105702,,,,,,,624231.0983875,blink,,,,
0.48541582191901,37.85794356770869,,623736.3708333333,-50.29953477128714,,,,0.36666666666666664,,623736.0041666667,saccade,0.5383265883950642,59.749194912650026,451.0157180668101,
0.45599264105736825,0.45038569061389433,,623740.6833333333,0.5818195285047721,,,,0.008333333333333333,,623740.675,saccade,0.6549612605512771,0.07335404672663508,11.538331301837287,
0.3351343621754966,0.385231526707552,,623741.0541666667,0.35053990596808676,,,,0.020833333333333332,,623741.0333333333,saccade,0.11530268485185037,0.2405079744473154,22.39879313124228,
0.30647520327926225,0.33117965720851644,,623741.0791666667,0.03519589595915441,,,,0.0125,,623741.0666666667,saccade,0.04727030931430291,0.027497217762394353,23.570005036931647,
0.3019977867824776,0.3165905319772502,,623741.0916666667,-0.05377005788556492,,,,0.008333333333333333,,623741.0833333334,saccade,-0.0042740102097178915,0.05160170098284292,24.370904765408735,
0.358336306332247,0.2795511845811515,,623741.1708333333,-0.09424287807525072,,,,0.041666666666666664,,623741.1291666667,saccade,-0.33918879275242375,0.2573008509513673,2887.802078472025,
0.36113446356181106,0.36091468427528356,,623741.5583333333,-0.306388103297398,,,,0.025,,623741.5333333333,saccade,-0.3099774209063963,0.0035959687195150003,3389.494088107449,
0.3606279961968052,-11.018162458826723,,623741.5791666667,-7.8428767588984805,,,,0.008333333333333333,,623741.5708333333,saccade,-0.3079389108450053,13.622472501586543,3275.2994682626636,
0.7065901880704365,0.10437472207278817,,623786.4333333333,0.4669156689913666,,,,0.020833333333333332,,623786.4125,saccade,0.18358658061360433,0.6655329295040608,45.49486787591741,
0.7077789131701003,0.29554126297976047,,623786.4625,0.38271598952006325,,,,0.008333333333333333,,623786.4541666667,saccade,0.18626808021711636,0.45664924875651847,109.40267237099073,
0.7110823495866742,0.4027237036799409,,623786.4833333333,0.3551071322966033,,,,0.008333333333333333,,623786.475,saccade,0.18123105002192377,0.35399861208780437,96.91942922883746,
0.4622374792455999,0.4798016735358421,,623789.8916666667,0.7297430186714351,,,,0.020833333333333332,,623789.8708333333,saccade,0.777360432160125,0.050752002286177225,24.45825582891096,
0.6677072112863319,0.5539822906960448,,623790.6416666667,0.7184435611497951,,,,0.025,,623790.6166666667,saccade,0.7837411510063729,0.13113598587352404,66.58449954281897,
0.5482164365207307,0.17368430196949733,,623790.7166666667,0.8874953386306806,,,,0.07083333333333333,,623790.6458333334,saccade,0.513921434021124,0.5289855824627965,257.11082696977735,
0.4765903099096581,0.4407111338827007,,623791.2041666667,0.3851180944787546,,,,0.008333333333333333,,623791.1958333333,saccade,0.26422782201566325,0.12609851824507828,30.25252943544732,
0.8784655405144979,0.8576403847149805,,623792.7291666666,0.3011379713748023,,,,0.008333333333333333,,623792.7208333333,saccade,0.283429630087903,0.027334968240883196,13.157723722230335,
0.8607439702354054,0.8857590725115975,,623792.75,0.28318265233137,,,,0.008333333333333333,,623792.7416666667,saccade,0.33035313467012006,0.05338813433192861,12.95371740445028,
0.8613582948438835,0.902752523418401,,623792.8083333333,0.2544476783531895,,,,0.025,,623792.7833333333,saccade,0.3319395815185784,0.08784676367646237,21.598116085976045,
0.9013443600889587,0.8990081221983471,,623792.85,0.2645252238032629,,,,0.0125,,623792.8375,saccade,0.24972950340986172,0.01497722659585618,18.51978314588467,
0.13143662190164462,0.09449893496427478,,623797.15,0.5105348311951007,,,,0.008333333333333333,,623797.1416666667,saccade,0.5000851051571775,0.03838735548813393,9.90792288539996,
0.2954421170102355,0.2075735820511573,,623797.1625,0.5256281045176413,,,,0.008333333333333333,,623797.1541666667,saccade,0.5555281741413568,0.0928163573801158,19.273780516211627,
0.18768027769754841,0.29641764863272113,,623800.9333333333,0.2699544542820296,,,,0.008333333333333333,,623800.925,saccade,0.23506083451655085,0.1141987672536042,28.83758126088895,
0.16737728318327766,0.1813714619841904,,623802.4041666667,0.2700934034550964,,,,0.008333333333333333,,623802.3958333334,saccade,0.22326458752852557,0.04887488841956278,11.857177308345207,
0.16813445671309143,0.1690276594265672,,623802.45,0.20677940553152901,,,,0.020833333333333332,,623802.4291666667,saccade,0.08127532514046915,0.12550671553669515,46.49360044417632,
0.16194761215875295,0.1922041972227317,,623802.4625,-0.13861279503096266,,,,0.008333333333333333,,623802.4541666667,saccade,-0.004869042180009131,0.13712286862047873,53.08837855239036,
0.4541866561535809,0.41560648880100864,,623820.6208333333,0.35809384838789415,,,,0.0125,,623820.6083333333,saccade,0.38212126860348494,0.045450114989615556,17.66605077673767,
0.32966106820035196,0.3799126810606777,,623821.7166666667,0.48550481597609824,,,,0.008333333333333333,,623821.7083333334,saccade,0.4849412519911808,0.050254772773443916,10.770253205638035,
0.20768273236003137,0.24602614323618927,,623821.7416666667,0.48555677172915257,,,,0.008333333333333333,,623821.7333333333,saccade,0.47662650461631273,0.0393696021621128,9.908065571749368,
0.17381570961173923,0.23248000161628532,,623822.075,0.4690688529637269,,,,0.008333333333333333,,623822.0666666667,saccade,0.4351414928117629,0.06776835804245851,11.500205374273433,
0.7187270260769784,0.731315742556634,,623827.175,0.2761004104084539,,,,0.0125,,623827.1625,saccade,0.2685279507071057,0.014690430451421654,41.369267756365346,
0.6130053210181587,0.66384879599537,,623827.1875,0.10248793826752621,,,,0.008333333333333333,,623827.1791666667,saccade,0.12164210822299605,0.05433135006324244,41.969753132306586,
0.4065059199261903,0.5096066578029432,,623827.2208333333,-0.006871844895253446,,,,0.029166666666666667,,623827.1916666667,saccade,-0.09284888505090505,0.134243581403734,39.58699401021168,
0.3631509305866574,0.5263451813191864,,623827.2416666667,-0.18753854817080037,,,,0.016666666666666666,,623827.225,saccade,-0.11462589194447867,0.17874085990058242,36.65608623794335,
0.4928175966207276,0.545133223178811,,623830.975,0.4255800246231854,,,,0.008333333333333333,,623830.9666666667,saccade,0.470115326722181,0.06870338459175798,11.745279418530505,
0.25500485479336477,0.33357865509571866,,623849.1416666667,0.4483568761859917,,,,0.008333333333333333,,623849.1333333333,saccade,0.4588030195508544,0.07926513173824387,17.582802492970103,
0.11928572532539641,0.15112550471243286,,623850.9833333333,0.4388696198228424,,,,0.008333333333333333,,623850.975,saccade,0.4255064944311249,0.03453032973872917,9.468923111000866,
0.3398836890724854,0.28386167145055513,,623867.0333333333,0.6525846438622679,,,,0.008333333333333333,,623867.025,saccade,0.6613734963358434,0.05670721374744909,12.307554522578227,
0.45430520524617596,0.39623177039254387,,623874.3083333333,0.5260006156232072,,,,0.008333333333333333,,623874.3,saccade,0.5270919324639499,0.058083687406406806,20.24905572516582,
0.6577400763966113,0.6704530627914304,,623889.55,0.3161849182630577,,,,0.008333333333333333,,623889.5416666666,saccade,0.19804743287167367,0.11881165995064186,50.80186820285048,
0.037448222485967575,0.10207410895681447,,623894.9125,0.5509204102688089,,,,0.008333333333333333,,623894.9041666667,saccade,0.48813601162013054,0.09010205132872318,13.693259414277843,
0.06592973187170803,0.11173574035792724,,623920.7416666667,0.47608544574051087,,,,0.008333333333333333,,623920.7333333333,saccade,0.4553319596631823,0.05028813517565346,13.149577030779621,
0.6662356708479488,0.6788505060995104,,623989.35,0.625753434504328,,,,0.008333333333333333,,623989.3416666667,saccade,0.5387556916018933,0.08790164122684747,17.40292344965014,
0.6086688529633628,0.6176103511735008,,624007.6291666667,0.15367687913026268,,,,0.029166666666666667,,624007.6,saccade,0.5390351681545684,0.38543995066064946,147.25426486100577,
0.6125739017048704,0.5174988879697192,,624032.5708333333,0.5420697199855464,,,,0.041666666666666664,,624032.5291666667,saccade,0.49159816206533913,0.10764008582061492,155.60595237861835,
0.6086688529633628,0.6379170807660379,,624032.6083333333,-0.08899582565299605,,,,0.03333333333333333,,624032.575,saccade,0.5390351681545684,0.6286745612714533,207.61149180866641,
0.6094713878678905,0.5552204613105793,,624066.2708333334,0.5570466188967372,,,,0.008333333333333333,,624066.2625,saccade,0.5563533674787993,0.054255355304889806,8.957680455655977,
0.3944572514530652,0.351015891402653,,624074.7958333333,0.5995259171695092,,,,0.008333333333333333,,624074.7875,saccade,0.5631862692109141,0.05663625893158259,9.461510712330965,
0.3202798668242827,0.4994060866649492,,624081.975,-0.012546820222829257,,,,0.058333333333333334,,624081.9166666666,saccade,0.10157533815437561,0.2123897188587241,94.28788908848172,
0.15219302097268336,0.4869459398421413,,624081.9958333333,0.025197933649840465,,,,0.008333333333333333,,624081.9875,saccade,0.21431578404208879,0.3844786907809083,93.09485739972804,
0.4885029118705644,0.4830727022094211,,624082.0583333333,0.02838742049443599,,,,0.05416666666666667,,624082.0041666667,saccade,0.015314703797318075,0.014155239790004484,91.51185257553401,
0.4463218452388574,0.22225154595301855,,624220.475,0.14990839896405836,,,,0.05416666666666667,,624220.4208333333,saccade,0.45095041156180293,0.3752740224738898,79.68316836385601,
0.9019042195872782,0.8909933083393294,,624227.4125,0.2936598106049001,,,,0.008333333333333333,,624227.4041666667,saccade,0.36054889659899736,0.06776505461643606,17.90292805292527,
0.47997710115529046,0.48193023130101115,,624228.1291666667,0.49083792045090363,,,,0.008333333333333333,,624228.1208333333,saccade,0.4024410714347037,0.08841531002807627,23.78086050504069,
0.4841572303220484,0.48119712038004087,,624228.1416666667,0.4520391554963818,,,,0.008333333333333333,,624228.1333333333,saccade,0.39584824712035993,0.056266831798277725,13.889612554939022,
0.28735437531688574,0.30442097960824727,,624230.6291666667,0.5214592074098395,,,,0.029166666666666667,,624230.6,saccade,0.05024176987611237,0.4715201151900867,24.60915794672574,
0.47026401452661676,0.3270241852329439,,624230.7166666667,-0.21256600333609516,,,,0.025,,624230.6916666667,saccade,0.18229633433091633,0.4200312911455901,97.24211003797701,
0.3443680551412139,0.49222776972460985,,624230.7625,0.2440908464984755,,,,0.041666666666666664,,624230.7208333333,saccade,-0.20676883869833226,0.4744744500419928,151.71222844787684,
0.34714222396379973,0.5887215715228165,,624230.7833333333,0.527311857110174,,,,0.0125,,624230.7708333334,saccade,-0.20765563331445722,0.7736284403702831,185.5479067045505,
0.5887215715228165,0.5752038877465916,,624230.8375,0.48591585554104455,,,,0.04583333333333333,,624230.7916666666,saccade,0.527311857110174,0.04354514814376018,174.82698920893324,
0.34255779174072276,0.32427508714187175,,624230.85,-0.24200132608681316,,,,0.008333333333333333,,624230.8416666667,saccade,-0.18622310813011278,0.058697201845542134,195.2388887897753,
0.5887215715228165,0.5881528689669901,,624230.9166666666,0.5256634051780382,,,,0.0625,,624230.8541666666,saccade,0.527311857110174,0.0017437113948407966,193.39978134857296,
0.5887215715228165,0.3755377278674464,,624230.9458333333,-0.10552546521481651,,,,0.025,,624230.9208333333,saccade,0.527311857110174,0.6677586454697048,192.41071978413328,
,,,623737.5232289999,,0.4138113939301622,0.6290701303958212,0.08531709141365029,1.0915579999564216,0.0047801807499569,623736.431671,fixation,,,,
,,,623738.0050915,,0.7206226160375745,0.33978372587246486,0.0041452477918163325,0.1340230000205338,0.0006832978564635626,623737.8710685,fixation,,,,
,,,623738.8696615,,0.5604122378268211,0.6339849709193661,0.02292030165330546,0.5235355000477284,0.0024998527457627553,623738.3461259999,fixation,,,,
,,,623740.676372,,0.36748408656687315,0.572585896905079,0.07220494362771925,1.4799590000184253,0.006424429420489545,623739.196413,fixation,,,,
,,,623741.0335735,,0.4581710721119835,0.7886489867331404,0.08426310580019299,0.35004349995870143,0.025252633738731028,623740.68353,fixation,,,,
,,,623741.536151,,-4.78390213018683,-3.7200751959105904,6.996537854185097,0.06219299999065697,11.516923730004146,623741.473958,fixation,,,,
,,,623743.3037689999,,0.4842066774583381,0.5652344934831921,0.045990356280843685,1.4084474998526275,0.004356584467287748,623741.8953215,fixation,,,,
,,,623749.594224,,0.4877634714706336,0.5700793053475507,0.018489706643511544,5.760685999994166,0.0011299348152500025,623743.833538,fixation,,,,
,,,623755.62286,,0.3139277161990169,0.7123176340325988,0.004409107876738281,5.357539999997243,0.0005082342746144954,623750.26532,fixation,,,,
,,,623756.9066244999,,0.6803656144550126,0.6835354697341831,0.003901295895729261,0.9710144998971373,0.0007513498691341528,623755.93561,fixation,,,,
,,,623757.4910505,,0.6795058452164513,0.6720804078499855,0.0010509304293426756,0.27329450007528067,0.0004149869708343561,623757.2177559999,fixation,,,,
,,,623761.3583835,,0.6804055775183451,0.6753661483613421,0.002536723213069577,3.5537020000629127,0.00047510298286414454,623757.8046815,fixation,,,,
,,,623764.3789194999,,0.6678530527777972,0.4128759088980319,0.004008808341363437,1.957401999970898,0.0005356386295036514,623762.4215175,fixation,,,,
,,,623767.3813135,,0.6662887362847533,0.42330073369118365,0.003664493612541498,2.6377250000368804,0.0005335094420529954,623764.7435885,fixation,,,,
,,,623770.3046565,,0.2919265290998937,0.4565571254172758,0.0574705629493459,2.0499124999623746,0.00377358195305692,623768.254744,fixation,,,,
,,,623770.7727395,,0.3010205201898555,0.48119152688543765,0.0012882552930260636,0.08956550003495067,0.0005186398766767317,623770.683174,fixation,,,,
,,,623773.7242294999,,0.3055743596594702,0.4832961981352097,0.051061839963304025,2.6032564998604357,0.003791011002674054,623771.1209730001,fixation,,,,
,,,623775.2356605,,0.41529450981081006,0.66758506146504,0.0650774588356827,1.1978605000767857,0.005379032853838107,623774.0377999999,fixation,,,,
,,,623775.8245534999,,0.4588375194684896,0.6560995200606802,0.0026248630659527323,0.2577929999679327,0.0007650223828163312,623775.5667605,fixation,,,,
,,,623778.043063,,0.4074781524361674,0.6530027124152035,0.056854092801203064,1.1979915000265464,0.0032608276757683336,623776.8450714999,fixation,,,,
,,,623779.1934664999,,0.46987591673207946,0.45020928961942336,0.03174875090717788,0.5441734999185428,0.005373584174963423,623778.649293,fixation,,,,
,,,623779.9765555,,0.4783184901781046,0.6382784146810144,0.04399219450087661,0.4590659999521449,0.004383495814413593,623779.5174895,fixation,,,,
,,,623781.10503,,0.7140718379777313,0.6901095384107386,0.08039261711800197,0.8064345000311732,0.007315279283863424,623780.2985955,fixation,,,,
,,,623785.352621,,0.5397542201248954,0.7212664865556814,0.06724953520312049,2.7676645000465214,0.0036554992425310933,623782.5849565,fixation,,,,
,,,623785.9992495,,0.620784077072927,0.7643898498804674,0.008600544780302966,0.30799999996088445,0.000826694040650469,623785.6912495,fixation,,,,
,,,623788.2260725,,0.5457707378141091,0.7235352383507991,0.0593173174044485,0.9159394999733195,0.0028315598363935057,623787.310133,fixation,,,,
,,,623789.0716464999,,0.529212218435315,0.7644780311610406,0.007329725058569502,0.48637149995192885,0.000658689238773637,623788.585275,fixation,,,,
,,,623789.877107,,0.6189138631784158,0.4458046936508564,0.058933263227720495,0.4591230000369251,0.020616547178916783,623789.4179839999,fixation,,,,
,,,623790.621248,,0.3937115713006827,0.7748640088476989,0.07798267223901784,0.7283804999897256,0.017639771921748072,623789.8928675,fixation,,,,
,,,623790.771284,,0.5477050470028183,0.5022165669462416,0.023369452020259737,0.05250400002114475,0.027292994350698173,623790.71878,fixation,,,,
,,,623791.197424,,0.514329445253781,0.3172524614401704,0.061763808209782056,0.2541419999906793,0.03911193789628439,623790.943282,fixation,,,,
,,,623792.728017,,0.797651095841658,0.31580700670223344,0.04092911411680704,0.06848100002389401,0.05407326004386162,623792.659536,fixation,,,,
,,,623794.9623065,,0.42977330189959,0.4339481449003403,0.24080533777690225,1.3526339998934418,0.013128513051044122,623793.6096725,fixation,,,,
,,,623795.6517225,,0.4436617641120597,0.704818813157981,0.0013198851746311438,0.30790500005241483,0.0004768733138373423,623795.3438174999,fixation,,,,
,,,623796.6518725,,0.8442347010102352,0.329142899215002,0.036969327602604754,0.37727049994282424,0.004029347753334224,623796.274602,fixation,,,,
,,,623797.145328,,0.026704918289076715,0.5198965561473086,0.021978255652006964,0.12168599991127849,0.018123001410072708,623797.023642,fixation,,,,
,,,623797.706809,,0.29545600340665873,0.5837624980866779,0.07871320202602675,0.5410365000134334,0.008070001542830925,623797.1657725,fixation,,,,
,,,623799.1097905,,0.4687814998908381,0.2442950763897797,0.00558297734700577,0.21875150001142174,0.005920226533053269,623798.891039,fixation,,,,
,,,623800.9295985,,0.3497060457604373,0.26548488890632477,0.044322827989146406,0.4278690000064671,0.021914327619721518,623800.5017295,fixation,,,,
,,,623801.6446209999,,0.14417195897973842,0.32119202566036825,0.07154224324102554,0.7109324999619275,0.00993148255849458,623800.9336885,fixation,,,,
,,,623802.396954,,0.16160828269765173,0.21238742966366897,0.015984976790340197,0.37689750001300126,0.015840254182412448,623802.0200565,fixation,,,,
,,,623808.271383,,0.30562681787555407,0.7591109614867074,0.06986117773439329,5.2417149998946115,0.003868990275394581,623803.0296680001,fixation,,,,
,,,623812.3013754999,,0.5658089574867656,0.7062646668942798,0.18810432143473696,2.9717409999575466,0.004966914968039222,623809.3296345,fixation,,,,
,,,623815.6775535,,0.8260394047585763,0.6498018916951518,0.03319609485524687,3.0725925001315773,0.002866965873545978,623812.6049609999,fixation,,,,
,,,623818.0281529999,,0.7576142376605698,0.6803001131440752,0.07062909008573637,2.069474499905482,0.004056086395072549,623815.9586785,fixation,,,,
,,,623819.066782,,0.4368747831936291,0.7125101074639146,0.02134564307849836,0.7041740000713617,0.002519371115493469,623818.3626079999,fixation,,,,
,,,623819.7794979999,,0.10861834648943348,0.5316227954392168,0.047449252726770655,0.37915649986825883,0.004229207985046832,623819.4003415001,fixation,,,,
,,,623820.610726,,0.2641100054241773,0.4531012836915438,0.11851756797468825,0.5239220000803471,0.015833676214667906,623820.086804,fixation,,,,
,,,623821.2168625,,0.5545835347537044,0.4217489124898767,0.027999445980739265,0.5939350000116974,0.008438459690114511,623820.6229274999,fixation,,,,
,,,623821.708637,,0.5408257064354764,0.47418816227885136,0.04670482153473998,0.13997500005643815,0.014833564818013349,623821.5686619999,fixation,,,,
,,,623822.0677354999,,0.24273034931544638,0.47870760875673246,0.031813230329293674,0.3255829999689013,0.008266707838857062,623821.7421525,fixation,,,,
,,,623824.405832,,0.207730099598376,0.4554138858953091,0.2037529709584795,2.3244654999580234,0.009411642533339915,623822.0813665,fixation,,,,
,,,623824.862269,,0.8415461482439881,0.3713061940328415,0.029931175905278332,0.09483650012407452,0.006523896552252753,623824.7674324999,fixation,,,,
,,,623827.1687939999,,0.8100231603106361,0.39961273590514074,0.021735499687572688,1.982990499935113,0.012205533400408489,623825.1858035,fixation,,,,
,,,623828.1078049999,,0.848692232326439,0.3630217853273462,0.010099981698245938,0.5990159999346361,0.0016189102468505906,623827.508789,fixation,,,,
,,,623828.5175615,,0.8559098468643025,0.37098808932210736,0.004322573534042743,0.06194449996110052,0.0016690609077235736,623828.455617,fixation,,,,
,,,623830.9689024999,,0.6352891964628054,0.40552949934865795,0.10110976351828044,2.0225074999034405,0.007494764979244424,623828.946395,fixation,,,,
,,,623831.4202999999,,0.4319884833594821,0.4852209584582273,0.030543711632692216,0.4418379998533055,0.00624301448434108,623830.978462,fixation,,,,
,,,623833.6607235,,0.28961757328774157,0.48558244774134024,0.09136973142746255,1.652320499997586,0.007139242775300759,623832.008403,fixation,,,,
,,,623835.098692,,0.3093740546641557,0.4489812018536892,0.06656819713603375,1.1057405000319704,0.008400070373845962,623833.9929515,fixation,,,,
,,,623836.7740575,,0.40823397234341935,0.48167080492841324,0.07311227786712673,1.3400980000151321,0.0031508134527031863,623835.4339594999,fixation,,,,
,,,623838.9414955,,0.43807558090416987,0.45841053864013953,0.017442774231951473,1.8351205000653863,0.0024753501950748992,623837.106375,fixation,,,,
,,,623840.544333,,0.4578493218706603,0.46355251845863343,0.040476187470481755,1.2530610000248998,0.0031931194727477584,623839.291272,fixation,,,,
,,,623841.836226,,0.46480750186950637,0.45976684320365,0.05781953139390029,0.94663399993442,0.004649140395852985,623840.889592,fixation,,,,
,,,623844.951836,,0.2225332412309948,0.4857275798811425,0.16841186686903076,2.513911999994889,0.005221388549053088,623842.437924,fixation,,,,
,,,623846.112395,,0.23961198349232668,0.4924839775203506,0.17173960518445006,0.8019719999283552,0.011425047890338607,623845.310423,fixation,,,,
,,,623848.1561660001,,0.0725004157405419,0.4829732604659398,0.00802740381177718,1.3634040000615641,0.0017428222883332722,623846.792762,fixation,,,,
,,,623849.1342,,0.6131034594319726,0.3950035760702193,0.12182499951796762,0.6484524999978021,0.010297986508499135,623848.4857475,fixation,,,,
,,,623849.46334,,0.1523008071694092,0.4483919844381177,0.025874384622270753,0.3190475000301376,0.010111415423027867,623849.1442925,fixation,,,,
,,,623850.5967379999,,0.7644372120253998,0.37814270880747425,0.10358087642888009,0.7946959999389946,0.009512414238663537,623849.802042,fixation,,,,
,,,623852.521727,,0.14291819239679496,0.46184980073071225,0.01877668692279782,1.5354700000025332,0.0019154799845299635,623850.986257,fixation,,,,
,,,623854.375985,,0.3443498019332605,0.493089389942419,0.13100241788285127,1.4903235000092536,0.004849165559524964,623852.8856615,fixation,,,,
,,,623855.1471025,,0.2492713507020247,0.6505738727870057,0.165765625504009,0.4237054999684915,0.011557689601685938,623854.723397,fixation,,,,
,,,623857.2200704999,,0.45010879424116174,0.4661158859396167,0.006740671993625344,1.7086994999554008,0.0012263346943088066,623855.511371,fixation,,,,
,,,623859.3145715,,0.4505230329828932,0.5621123556077675,0.11386717905184535,1.742021500132978,0.0037564282213705838,623857.5725499999,fixation,,,,
,,,623860.930216,,0.45451209590623953,0.4747496624258561,0.045115301014844705,1.2759030000306666,0.0043944368885210925,623859.6543129999,fixation,,,,
,,,623861.821576,,0.5628405634765714,0.35657753314670065,0.15036921688131616,0.5315389999886975,0.022536527576660987,623861.290037,fixation,,,,
,,,623862.2989745,,0.468711040708043,0.6709082096000599,0.005383311127745137,0.16485600010491908,0.0008035911938129683,623862.1341184999,fixation,,,,
,,,623862.6817775001,,0.6285239290366982,0.7029227027241005,0.0038746891918455422,0.059371500043198466,0.001198143939313554,623862.622406,fixation,,,,
,,,623863.1346665,,0.46494087438897835,0.6390412617339843,0.005617921761117907,0.10920299997087568,0.0009739780837234669,623863.0254635001,fixation,,,,
,,,623864.111312,,0.6840121944200291,0.6286249726719456,0.13197419952288253,0.6529884999617934,0.007429516589739911,623863.4583235,fixation,,,,
,,,623865.7227894999,,0.7024928044807124,0.6763793169977746,0.09640789249260685,0.5701829999452457,0.009672542295047028,623865.1526065,fixation,,,,
,,,623867.0291895,,0.10549574077609844,0.5694119628322206,0.03770996864977927,0.9672964999917895,0.008917413422073084,623866.061893,fixation,,,,
,,,623867.576406,,0.8137730687196146,0.6154682714647641,0.10442660175116085,0.5398434998933226,0.011250044074243577,623867.0365625,fixation,,,,
,,,623868.7972045001,,0.2678089807942879,0.461192042200537,0.1603623201927312,0.8684190000640228,0.008889347762154751,623867.9287855,fixation,,,,
,,,623869.2172705,,0.499745513002104,0.5979679619726348,0.008918525953454014,0.06357650004792958,0.0021216392956643487,623869.153694,fixation,,,,
,,,623871.1808364999,,0.48153820379152884,0.3270097907514367,0.010805418558993984,1.6344124998431653,0.000612807334542876,623869.5464240001,fixation,,,,
,,,623872.9106005,,0.4555162787730292,0.6036428046940139,0.20901681346313902,1.3808959999587387,0.0071886293621123715,623871.5297045,fixation,,,,
,,,623874.3007835,,0.35441165766320426,0.4428213671581784,0.12122045193524987,1.0423730000620708,0.01055747709850556,623873.2584104999,fixation,,,,
,,,623876.1380685,,0.5136048020893351,0.5143584438317925,0.01780082094481633,1.8266989999683574,0.0017227479683132286,623874.3113695,fixation,,,,
,,,623877.4929645,,0.5355708266995811,0.5151486086618376,0.006397715303222252,0.9810769999166951,0.000583894758153208,623876.5118875001,fixation,,,,
,,,623878.6700444999,,0.5389673306530786,0.5247207751690264,0.02265050973205472,0.6317019999260083,0.002039203153889041,623878.0383425,fixation,,,,
,,,623880.181164,,0.516572240766957,0.5236034155757107,0.00895056607421307,1.1532374999951571,0.0008545469044699928,623879.0279265,fixation,,,,
,,,623885.0872035,,0.5115303318538551,0.5252478889005,0.0060888016535909795,4.242241500061937,0.0007164653785150589,623880.8449619999,fixation,,,,
,,,623887.395877,,0.5342786073719182,0.5205246673634861,0.03431002909330008,1.691116000059992,0.0025882740263876176,623885.7047609999,fixation,,,,
,,,623889.5436869999,,0.5593335099729017,0.518337398476352,0.05102552635210582,1.5804249999346212,0.016292434576624864,623887.963262,fixation,,,,
,,,623890.370818,,0.5021489001201312,0.4514858722557369,0.06276488737544908,0.509895000141114,0.006474203620498607,623889.8609229999,fixation,,,,
,,,623894.4653525,,0.6268326240323444,0.5586279298274718,0.18575506172753625,3.7582720000064,0.0067888949979086136,623890.7070805,fixation,,,,
,,,623896.261898,,0.05921202961679843,0.5149946550004878,0.04216255062773966,1.4384640001226217,0.009009982912457632,623894.8234339999,fixation,,,,
,,,623897.3570729999,,0.7074015256024256,0.6559060844855045,0.05711671050948955,0.7592184999957681,0.002437130711966552,623896.5978544999,fixation,,,,
,,,623898.855399,,0.8751349792286582,0.37895972490011737,0.018007453147173298,1.1620694999583066,0.0017961044124422871,623897.6933295,fixation,,,,
,,,623900.1966685,,0.4697337672012646,0.5399640595258379,0.04794057564745719,0.9782460000133142,0.0025950474179392935,623899.2184225,fixation,,,,
,,,623901.2768369999,,0.5110980435872087,0.5325492989075635,0.03176477978963788,0.7299209998454899,0.002951615281260854,623900.5469160001,fixation,,,,
,,,623905.1505115,,0.4507635164085764,0.5840928140624357,0.14210684932432982,3.522114000050351,0.004972179716028879,623901.6283974999,fixation,,,,
,,,623906.642547,,0.5886015164401347,0.5563006041425221,0.06938024859017161,1.1161019999999553,0.003208399592428928,623905.526445,fixation,,,,
,,,623908.735523,,0.5043798261837839,0.557143355482063,0.03543306731524718,1.7263405000558123,0.0025101875127435083,623907.0091825,fixation,,,,
,,,623913.4544790001,,0.6913108252932645,0.6103872378341979,0.1626941043158607,4.366185000166297,0.003118306129335813,623909.0882939999,fixation,,,,
,,,623914.9524295,,0.4601925055195544,0.5533289620594948,0.02897693104445944,1.1637209999607876,0.0029970894196436875,623913.7887085,fixation,,,,
,,,623916.9515645,,0.502891271283822,0.5331629029741094,0.01589710041508562,1.6522704999661073,0.001316768717263042,623915.299294,fixation,,,,
,,,623917.740025,,0.4661838927913358,0.5620162219121357,0.002073872085138347,0.18555549997836351,0.0007155396956198843,623917.5544695,fixation,,,,
,,,623919.388409,,0.4896927404519481,0.5594348049078354,0.08614377115338438,1.2994070000713691,0.005340694538249434,623918.0890019999,fixation,,,,
,,,623920.213624,,0.8726026460495103,0.4204076942478493,0.041057647168122824,0.4943294998956844,0.003662637674558076,623919.7192945001,fixation,,,,
,,,623920.7339375,,0.21534910521615339,0.5386380050822881,0.039000800521100096,0.15205400006379932,0.016950100574932653,623920.5818835,fixation,,,,
,,,623921.086046,,0.05344369402355251,0.46398272450851813,0.012856919186391685,0.3440640000626445,0.004676377434805706,623920.741982,fixation,,,,
,,,623922.3391740001,,0.4939818162733168,0.5516533111677902,0.0874763410195017,0.9077840000391006,0.004963950235778697,623921.43139,fixation,,,,
,,,623923.9546635,,0.4984892745110364,0.5479428240634003,0.02172810174399315,0.9549249999690801,0.0012585154799207902,623922.9997385,fixation,,,,
,,,623926.639559,,0.5128171513323441,0.5368211191664213,0.005298065103665877,2.3303785000462085,0.0006004489039026607,623924.3091805,fixation,,,,
,,,623928.2992175,,0.500798060310124,0.5482894936672279,0.005642855340102143,1.3116830000653863,0.0006951902636658328,623926.9875345,fixation,,,,
,,,623930.3905864999,,0.48308313100280137,0.5415505073183878,0.02401488495099512,1.7574534999439493,0.0020747640634842576,623928.633133,fixation,,,,
,,,623932.2102105,,0.5085053167078204,0.5395578925989188,0.019915751884582014,1.474476500065066,0.001695606419513437,623930.735734,fixation,,,,
,,,623933.7398605,,0.5051743431410056,0.5322910825645826,0.018666049887858194,1.1877814999315888,0.0014328700421371696,623932.552079,fixation,,,,
,,,623936.704103,,0.5585875961641753,0.555731777422737,0.03760046337010154,2.6274149999953806,0.0029015187121412475,623934.076688,fixation,,,,
,,,623938.567347,,0.7587170499653176,0.6647932480896269,0.08544822257069526,1.5363470000447705,0.001382378667277433,623937.031,fixation,,,,
,,,623939.9675050001,,0.49854601252900854,0.6012583226640089,0.059586784882982975,1.0714815000537783,0.0018516078865377752,623938.8960235,fixation,,,,
,,,623940.5455604999,,0.5051395880829027,0.666728263316529,0.0072080647751257285,0.2427564999088645,0.0006202627948419597,623940.302804,fixation,,,,
,,,623941.4570655,,0.518007671812569,0.6945341167787438,0.012195033168843303,0.5794185000704601,0.0011224456583178385,623940.8776469999,fixation,,,,
,,,623943.3064645,,0.5132375430970372,0.6497530163713154,0.031170972687906445,1.5173200001008809,0.002615828349935008,623941.7891444999,fixation,,,,
,,,623945.185547,,0.5008400753768487,0.6506152905861023,0.016511116663669737,1.5498184999451041,0.0010331329583679267,623943.6357285001,fixation,,,,
,,,623950.4367384999,,0.5338944473301857,0.633240970546949,0.0372953490683538,4.913815499981865,0.0010764147587802935,623945.5229229999,fixation,,,,
,,,623955.086228,,0.541673662781256,0.620701675215665,0.0060765528528027085,4.31135400000494,0.000493820399812829,623950.774874,fixation,,,,
,,,623955.6651055,,0.5048179411522657,0.6298297529762088,0.00328860243758905,0.2488690000027418,0.0006271482267351776,623955.4162365,fixation,,,,
,,,623956.4970954999,,0.05625237716779536,0.4726690172499587,0.03355431705711775,0.4914904999313876,0.006309096633327644,623956.005605,fixation,,,,
,,,623957.6677085,,0.8188159280225175,0.6871135100616506,0.009403848855442744,0.17066800012253225,0.0022481884157942405,623957.4970404999,fixation,,,,
,,,623959.040357,,0.5095102749340613,0.5901945453533907,0.028362428179673434,0.6733784999232739,0.0033555038110873814,623958.3669785,fixation,,,,
,,,623960.356806,,0.4878089279028901,0.6163558471802207,0.05114905751469415,0.7271654999349266,0.0036691020631226096,623959.6296405001,fixation,,,,
,,,623960.9390060001,,0.490325585370317,0.6137481856713053,0.0196433743307022,0.23247650009579957,0.0036070702417841504,623960.7065295,fixation,,,,
,,,623962.4709844999,,0.5327274042161276,0.6207104873448737,0.028551049997790668,1.2016539999749511,0.002493759156939564,623961.2693304999,fixation,,,,
,,,623963.001575,,0.5476942030638982,0.6221325145468273,0.006038763372595038,0.17253350000828505,0.0012681476552318372,623962.8290415,fixation,,,,
,,,623965.68294,,0.543147448072739,0.6203270192481942,0.04179028453059332,2.3588844999903813,0.00217936143557237,623963.3240555,fixation,,,,
,,,623967.2779915,,0.6059214773366522,0.6550876596476153,0.010538863259764216,1.2485209999140352,0.0008449587946348723,623966.0294705001,fixation,,,,
,,,623968.1772445,,0.5393947675718481,0.6224719281206491,0.01825813527944999,0.5585255001205951,0.001499331361350822,623967.6187189999,fixation,,,,
,,,623968.5846684999,,0.5221292615938143,0.6267578719544679,0.0007896396565962603,0.05967249989043921,0.00046835997278766634,623968.524996,fixation,,,,
,,,623969.1959575,,0.8224138839162126,0.6724487635155769,0.012469492803422312,0.2864739999640733,0.0009696165630549333,623968.9094835,fixation,,,,
,,,623971.500224,,0.5620819981430333,0.5863499716038453,0.060931241085000684,1.6984724999638274,0.002078512126726583,623969.8017515,fixation,,,,
,,,623972.292907,,0.596437425821996,0.6198210703226676,0.0024085293392462587,0.45367150008678436,0.0005171050883104136,623971.8392355,fixation,,,,
,,,623973.2707755,,0.5524030244732885,0.62236450684328,0.028599997732443354,0.6421000000555068,0.0018320946653162375,623972.6286754999,fixation,,,,
,,,623974.6135150001,,0.4846572789322425,0.6348774332708668,0.011677344527457237,0.9957375001395121,0.0010446249219686473,623973.6177775,fixation,,,,
,,,623976.9117525,,0.6071271557558561,0.6382950023974385,0.13020306202136644,1.9603314999258146,0.003863600162037011,623974.9514210001,fixation,,,,
,,,623977.7075875,,0.5458618425311171,0.6260592778476525,0.016466029434479928,0.45759899995755404,0.0016395769526632168,623977.2499885,fixation,,,,
,,,623978.440542,,0.3482345472412421,0.6449315266057765,0.15915299362513355,0.3830475000431761,0.01148159242179362,623978.0574945,fixation,,,,
,,,623979.3353625,,0.09852549994810925,0.5449132210555249,0.00968396097989601,0.5483480000402778,0.0010659408397486552,623978.7870145,fixation,,,,
,,,623980.4993665,,0.8477522149199036,0.544230712539586,0.1532560795975706,0.8276730000507087,0.00915546188622999,623979.6716934999,fixation,,,,
,,,623981.6084735,,0.5419291457075358,0.628125845483469,0.06768505657870215,0.7719275000272319,0.00309905049059858,623980.836546,fixation,,,,
,,,623983.76235,,0.502740716111659,0.6764039102160472,0.150430979085476,1.5915464999852702,0.007410135962381697,623982.1708035,fixation,,,,
,,,623985.0384815,,0.5017171771542231,0.4467003867901328,0.03315784703314685,0.9258385000284761,0.003923498721738538,623984.112643,fixation,,,,
,,,623986.805022,,0.5087372290228696,0.6073707372732638,0.18971870107706987,1.381601499975659,0.00583282546180577,623985.4234205,fixation,,,,
,,,623989.3475395,,0.5538629572107789,0.5323869944755959,0.1348866492131017,2.2009184999624267,0.00702758641352826,623987.146621,fixation,,,,
,,,623990.8631505,,0.5055628775710334,0.49448485116281987,0.0381617543917295,1.5095470000524074,0.0037935471869705493,623989.3536034999,fixation,,,,
,,,623994.760207,,0.5016870651216806,0.5513960773478925,0.033342933082161616,3.538732999935746,0.0014864386654561774,623991.221474,fixation,,,,
,,,623996.976387,,0.4929386518141935,0.5051415170502274,0.0536465672043858,1.8496054999995977,0.0039841420488691505,623995.1267815,fixation,,,,
,,,623999.7351185,,0.5007754177618811,0.5538513470944751,0.0173435336430035,2.401985500007868,0.0017701753867136211,623997.333133,fixation,,,,
,,,624001.9409075,,0.4025900011803994,0.623866078104004,0.056822400405880616,1.881616499973461,0.0025945152019984986,624000.059291,fixation,,,,
,,,624003.014162,,0.5566586436958165,0.5793587499905501,0.0029766677186129436,0.5855515000876039,0.0006329063015953362,624002.4286105,fixation,,,,
,,,624004.5245425,,0.4287852474165484,0.6050826661405426,0.06931134379518594,1.1697645001113415,0.004834186830693302,624003.3547779999,fixation,,,,
,,,624005.9576544999,,0.5764704031619494,0.5867413011481194,0.05131231655735994,1.0913109999382868,0.0029537458412679934,624004.8663435,fixation,,,,
,,,624006.8584115,,0.5187430994221514,0.5742607829159667,0.013281357602243679,0.5248165000230074,0.002535119590869449,624006.333595,fixation,,,,
,,,624008.797065,,0.45293952101371676,0.6050281805922887,0.0012045749429105712,0.18165350006893277,0.0004767260495319422,624008.6154115,fixation,,,,
,,,624012.585823,,0.5054640784730777,0.5578718386670682,0.005938751142402816,3.4561919999541715,0.0005513368929884552,624009.129631,fixation,,,,
,,,624013.5722165,,0.5066362881259631,0.562925264997612,0.0017611848829407971,0.6338415000354871,0.0004891500121009701,624012.9383749999,fixation,,,,
,,,624019.034918,,0.5080232099097147,0.5620510528606633,0.007470086453968986,5.118994000018574,0.00045999255476517287,624013.915924,fixation,,,,
,,,624020.8171069999,,0.5086097550270018,0.5677176410515727,0.003057585955202759,1.4429374999599531,0.0004964084508363735,624019.3741695,fixation,,,,
,,,624022.7940265001,,0.5235013853234597,0.5787959650742918,0.0036973240868202416,1.6114350000862032,0.0004224490207821691,624021.1825915,fixation,,,,
,,,624026.149763,,0.5116197050555181,0.5780402561212149,0.002934746315043175,3.0123630000744015,0.00047429945406069347,624023.1373999999,fixation,,,,
,,,624030.287244,,0.5062042366795806,0.5835662791241136,0.007724073622393767,3.774576999945566,0.0004905639375001022,624026.5126670001,fixation,,,,
,,,624031.424051,,0.5175757154345706,0.5890065665767752,0.0005415846351034094,0.058565499959513545,0.0005209855931269772,624031.3654855001,fixation,,,,
,,,624031.8970880001,,0.5262353963254993,0.5921150901619414,0.006327013712087001,0.12901450006756932,0.0015000758342791488,624031.7680735,fixation,,,,
,,,624032.533226,,0.5232367399981043,0.5871394477475449,0.017385432730115058,0.29688850010279566,0.017919475466696033,624032.2363374999,fixation,,,,
,,,624033.780099,,0.5374936206215507,0.5648859423789817,0.0028334788962113265,0.19619849999435246,0.000515437327142024,624033.5839005,fixation,,,,
,,,624036.1663675,,0.5207874662224179,0.5680204140564137,0.023209564591480557,2.0483459999086335,0.0014081023189145066,624034.1180215001,fixation,,,,
,,,624037.222934,,0.5569697281068823,0.5744930730033875,0.01992622944666415,0.6877854999620467,0.0029385664709665215,624036.5351485,fixation,,,,
,,,624037.7558425,,0.4524424896972101,0.5581187673568929,0.004155920010893102,0.18012000003363937,0.0005944849189049783,624037.5757225,fixation,,,,
,,,624038.587466,,0.59662741399065,0.6160364531858253,0.1574941024350059,0.48023250000551343,0.00843070230557776,624038.1072335,fixation,,,,
,,,624039.6017984999,,0.47579808126789436,0.5640607421631185,0.011089395675629754,0.6729804999195039,0.0014174167236262324,624038.928818,fixation,,,,
,,,624040.6444325,,0.0857189182244889,0.4918570337936868,0.00827373160553463,0.39896999998018146,0.003880050389007308,624040.2454625,fixation,,,,
,,,624042.279291,,0.5510910032589793,0.5957359008117672,0.14205522494234354,0.9649745000060648,0.0059126898449073945,624041.3143165,fixation,,,,
,,,624042.72774,,0.4884280626955892,0.5676267452163313,0.0006513560327799431,0.11578450002707541,0.0003565427821218954,624042.6119555,fixation,,,,
,,,624043.1595904999,,0.5647793043590554,0.5813275045876523,0.0011778261156481227,0.18395949993282557,0.0005298820951414222,624042.975631,fixation,,,,
,,,624044.770213,,0.4636590231276526,0.5619884663375253,0.0046528382648280235,1.2535425000824034,0.0006185637554975189,624043.5166704999,fixation,,,,
,,,624046.4238715,,0.444972478499408,0.5504132561691853,0.010208371200580381,1.304677499923855,0.0006323769608100487,624045.119194,fixation,,,,
,,,624047.5673245001,,0.6465544042971101,0.6271831100337273,0.12447118103271829,0.7819515001028776,0.005684685168591068,624046.785373,fixation,,,,
,,,624048.3992255,,0.8500890550215469,0.39434525131259723,0.018607101123180397,0.4884859999874607,0.001486842741809922,624047.9107395,fixation,,,,
,,,624049.5513745,,0.4520243135840188,0.6314676363971229,0.029751746999164153,0.7917265000287443,0.0035239051376079536,624048.759648,fixation,,,,
,,,624050.861667,,0.4494938650026153,0.6546165410226168,0.1156471418131701,0.9789159999927506,0.002773883308413728,624049.882751,fixation,,,,
,,,624051.6842455,,0.3735348872984784,0.6058754462187388,0.021688151029887335,0.4823519999627024,0.001523439666909879,624051.2018935,fixation,,,,
,,,624052.7334775,,0.5420515107599326,0.5665367917341899,0.050285902360618626,0.6858020001091063,0.004361143660340292,624052.0476754999,fixation,,,,
,,,624054.8989865,,0.501373003961408,0.5785062597434802,0.06251969317146736,1.684722000034526,0.0034302662373674564,624053.2142645,fixation,,,,
,,,624056.9132375,,0.532340225302274,0.5878140045792811,0.020258033857586698,1.3208749999757856,0.0019074462485640267,624055.5923625,fixation,,,,
,,,624058.682205,,0.5528287604254027,0.6085873247975846,0.00691705162868668,1.4284040000056848,0.0005614641623244296,624057.253801,fixation,,,,
,,,624059.1757439999,,0.48520391634926446,0.5931676276389806,0.001813417607021555,0.13258199987467378,0.00048498440082198676,624059.043162,fixation,,,,
,,,624060.1537595,,0.5848060744790741,0.6157742177262945,0.06678111096514328,0.6368535000365227,0.004870076097884601,624059.516906,fixation,,,,
,,,624060.7996915,,0.45240262201176246,0.6093516089779907,0.018595557731896906,0.3016265000915155,0.006668749831185328,624060.4980649999,fixation,,,,
,,,624061.785657,,0.07503194035122347,0.47613081890717385,0.02127754727117157,0.676467000041157,0.004328999554765734,624061.10919,fixation,,,,
,,,624062.263543,,0.5914911345865349,0.5428966717976387,0.028214877257344315,0.12638400006107986,0.011662315054605094,624062.1371589999,fixation,,,,
,,,624063.470762,,0.863652378980684,0.3822900927356203,0.011857583339517405,0.8740934999659657,0.0016240031815432526,624062.5966685,fixation,,,,
,,,624064.5380725,,0.39668834876326414,0.5811434179933315,0.02338153692531726,0.7267065000487491,0.0037594419031490175,624063.811366,fixation,,,,
,,,624064.9478215,,0.9151607205645081,0.4373794951207651,0.004431181338487783,0.07391600008122623,0.0013009466966226936,624064.8739054999,fixation,,,,
,,,624065.5506475,,0.9055752199280411,0.4784750563291527,0.011081236857746842,0.24051999999210238,0.0011119137454316185,624065.3101275,fixation,,,,
,,,624066.2629955,,0.44599176964665155,0.5740512476291397,0.017785560785649853,0.35515850002411753,0.006465424917768556,624065.907837,fixation,,,,
,,,624067.601982,,0.7750479828363118,0.5242821553613554,0.05332208557507174,1.3264429999981076,0.0054315098652784975,624066.275539,fixation,,,,
,,,624068.889714,,0.5704958586827844,0.5699023251373471,0.12889820013239225,0.9453490000450984,0.006506764812247632,624067.944365,fixation,,,,
,,,624069.626575,,0.48908135821121884,0.6028001398498193,0.011291717929022196,0.3919445000356063,0.000697002750033271,624069.2346305,fixation,,,,
,,,624070.0906664999,,0.5303388020463147,0.6110725685939002,0.0013628997079306782,0.12695449986495078,0.0005998829455304808,624069.963712,fixation,,,,
,,,624071.1547824999,,0.42777014290815074,0.41248749703665966,0.033087188107229985,0.4006684999912977,0.003158203705175724,624070.7541139999,fixation,,,,
,,,624071.5839555,,0.4549657405279019,0.6211920189913581,0.0038536218197253442,0.09197950013913214,0.0007875776764612141,624071.4919759999,fixation,,,,
,,,624072.0004125,,0.42143329496499793,0.6335249823762451,0.0010064317327857053,0.07896199997048825,0.0004609827447257821,624071.9214505,fixation,,,,
,,,624072.969814,,0.6121198949267078,0.6209620782955997,0.14420542462890543,0.597364499932155,0.008449846028993662,624072.3724495,fixation,,,,
,,,624074.2542125001,,0.4963722882076586,0.5433783000001714,0.056517776751024665,0.9362355000339448,0.00341541568051786,624073.317977,fixation,,,,
,,,624074.789151,,0.27727225608935024,0.6448094761727741,0.019735092663573726,0.20327100006397814,0.007863143890191281,624074.5858799999,fixation,,,,
,,,624075.976561,,0.5173158338736081,0.5371001066718156,0.04096303332800341,1.1805399999720976,0.004403240343779268,624074.796021,fixation,,,,
,,,624076.489571,,0.5117268132108003,0.5468329836308776,0.0015559993843868667,0.15005649998784065,0.000670307234409847,624076.3395145,fixation,,,,
,,,624078.0800325,,0.6664978328764924,0.6125871093392807,0.1684105359679925,1.2390274999197572,0.005564629329672703,624076.841005,fixation,,,,
,,,624079.289144,,0.5500015747729985,0.5416837230706373,0.04305491752437438,0.8629014999605715,0.0032699430536461027,624078.4262425001,fixation,,,,
,,,624080.3114735,,0.45556374855591486,0.5628675839411926,0.04462743513190694,0.6563669999595731,0.0049293686914631245,624079.6551065,fixation,,,,
,,,624081.0311745,,0.5219435029909452,0.5474230560013813,0.04331072927471092,0.3876709999749437,0.004408037869564625,624080.6435035,fixation,,,,
,,,624084.139978,,0.5688213288577552,0.5560358623571319,0.0839151117723553,1.735552999889478,0.00450371836911127,624082.4044250001,fixation,,,,
,,,624085.1423925,,0.8205521849926418,0.6685638806292659,0.0019328947711859936,0.30929699994158,0.0005533366196253856,624084.8330955,fixation,,,,
,,,624086.265665,,0.3248981108219803,0.5271664761872239,0.16654262567886796,0.6167569999815896,0.01385120903375019,624085.648908,fixation,,,,
,,,624086.6938594999,,0.49993709818377274,0.5358345493197524,0.01350943739006355,0.1488414998166263,0.0060733410113852256,624086.5450180001,fixation,,,,
,,,624088.0824555,,0.5498353244175943,0.5428766937035887,0.06322696722946844,1.0349360001273453,0.005307402785784842,624087.0475194999,fixation,,,,
,,,624088.9707995,,0.604950994930506,0.5855566151719072,0.010118934083343602,0.5458885000552982,0.0006343555170915219,624088.424911,fixation,,,,
,,,624090.0677285,,0.3951025701888553,0.5800534780508414,0.06322486554204135,0.7467709999764338,0.0053512999148268145,624089.3209575,fixation,,,,
,,,624091.424561,,0.35648030565641703,0.43893830436856224,0.09040084315643782,0.9841444999910891,0.006415135417793544,624090.4404165,fixation,,,,
,,,624092.6588514999,,0.6776069012113989,0.5701689409875172,0.1105390277574023,0.8840284999459982,0.005800169005573199,624091.774823,fixation,,,,
,,,624094.3028305001,,0.5910518084177009,0.546347071994962,0.08400529350475804,1.3002335000783205,0.004331205303808418,624093.002597,fixation,,,,
,,,624094.8341585,,0.8075538484975645,0.39696699241736577,0.012493482485486098,0.16948099993169308,0.001814286432588642,624094.6646775,fixation,,,,
,,,624095.7221835,,0.10868704589831911,0.4841848332093496,0.03695803913488269,0.5188430000562221,0.007196557506122338,624095.2033404999,fixation,,,,
,,,624098.5477905,,0.504154725105006,0.5870848868438506,0.04537499128922884,2.486608999897726,0.002782742602578784,624096.0611815001,fixation,,,,
,,,624100.1002674999,,0.5018637995167801,0.5883381522818772,0.019136244888252274,1.2095414998475462,0.0013496456729351093,624098.8907260001,fixation,,,,
,,,624101.087387,,0.4794509987926489,0.5551367417919182,0.010872191266460501,0.6516100000590086,0.0010801646929629583,624100.4357769999,fixation,,,,
,,,624102.0956915,,0.4985880688838128,0.5878141875980161,0.07744504062929276,0.6542914999881759,0.004796596539838001,624101.4414,fixation,,,,
,,,624103.0058235,,0.4797977277108794,0.585396332656109,0.019328970108578657,0.5650420000310987,0.0017790576503754648,624102.4407815,fixation,,,,
,,,624104.4373165,,0.5053245676828585,0.469845107730157,0.06568412728396197,1.0668900000164285,0.0034728309004666605,624103.3704265,fixation,,,,
,,,624106.2667995,,0.46382642429271714,0.5904285467465293,0.028399475686747125,1.2323455000296235,0.0014874817544826213,624105.034454,fixation,,,,
,,,624108.6255315,,0.40830821417429247,0.6009641232103073,0.008542505093807768,2.0262690000236034,0.0009213740176634428,624106.5992625,fixation,,,,
,,,624110.5111255,,0.5422775985715927,0.5680949018693802,0.059754023803537115,1.5429850000655279,0.004775395581042068,624108.9681404999,fixation,,,,
,,,624112.107724,,0.4190273828425087,0.6731628057711244,0.025945434480767568,1.259412500075996,0.0018974061404725456,624110.8483114999,fixation,,,,
,,,624112.5653565,,0.5204968254384982,0.5538279684876968,0.0006239757639695061,0.11444849998224527,0.0005107165687397446,624112.450908,fixation,,,,
,,,624113.5695005,,0.6557975620312124,0.583249995211395,0.16993837225290387,0.6736595000838861,0.009002250769247683,624112.8958409999,fixation,,,,
,,,624114.4730054999,,0.4256015306789942,0.5916160702899063,0.0317762256381762,0.5555079998448491,0.0037382723071175228,624113.9174975001,fixation,,,,
,,,624116.0196905,,0.46137885072041784,0.5855123595392066,0.16729134169824367,1.2011509999865666,0.0059893180069951115,624114.8185395,fixation,,,,
,,,624116.821864,,0.4892771354075817,0.36384629477663,0.007398504394132794,0.19597500003874302,0.010856566701642072,624116.625889,fixation,,,,
,,,624118.46645,,0.44226046629071075,0.4374001127165135,0.11780248196090896,1.3582019999157637,0.008987862053401092,624117.108248,fixation,,,,
,,,624119.3041594999,,0.8106770021352181,0.604148339358391,0.016516024394273306,0.500747999874875,0.001655802830689868,624118.8034115001,fixation,,,,
,,,624120.4211899999,,0.4985382126443438,0.5021053180050046,0.02297567738861075,0.7808324999641627,0.0021533281223267025,624119.6403575,fixation,,,,
,,,624121.6556955,,0.2734186743518623,0.5218455073131492,0.12216194917118002,0.8814075000118464,0.008985974988534482,624120.774288,fixation,,,,
,,,624122.7671940001,,0.551886728244685,0.4871558203396284,0.041466211936609036,0.7768125000875443,0.004059091922950862,624121.9903815,fixation,,,,
,,,624124.277424,,0.5349602455375116,0.5042251704829833,0.035941023483857686,1.1608124999329448,0.0014731284871418815,624123.1166115,fixation,,,,
,,,624126.6738489999,,0.4898619694498253,0.528652704513225,0.06501191525631304,2.0298139998922125,0.004049684435757292,624124.644035,fixation,,,,
,,,624127.405839,,0.031963221409008216,0.45421914121430135,0.022088216511433074,0.3785520000383258,0.021129181836066886,624127.027287,fixation,,,,
,,,624129.4567044999,,0.7133442669363167,0.6117906615838776,0.048709624833237104,1.3584384999703616,0.002863932140628402,624128.0982659999,fixation,,,,
,,,624130.503797,,0.40019308083322647,0.7079666489736621,0.042457375402116575,0.7157800000859424,0.0036919101380443495,624129.788017,fixation,,,,
,,,624130.9234714999,,0.5056638171933509,0.5282929351741856,0.0026470717897039836,0.07456350000575185,0.0007716363118943269,624130.8489079999,fixation,,,,
,,,624132.3695425,,0.5009614358516614,0.624445183113728,0.024905395349856953,1.0982124999864027,0.001019587835779177,624131.27133,fixation,,,,
,,,624133.6920245,,0.5240617290539338,0.6157501434894587,0.05320434551093825,0.9880744999973103,0.0029827816457604723,624132.70395,fixation,,,,
,,,624135.3490615,,0.4320479728255178,0.5470296377090647,0.09937169911999301,1.3186640001367778,0.007200374720545312,624134.0303974999,fixation,,,,
,,,624137.0201735001,,0.4948033989733006,0.6180203235463047,0.0047695216690135985,1.3393290000967681,0.0005827339045042196,624135.6808445,fixation,,,,
,,,624137.8690289999,,0.506688094404408,0.6095756380855867,0.00917918310128527,0.5063954999204725,0.001212917168645916,624137.3626335,fixation,,,,
,,,624138.666084,,0.5156803606860467,0.6203977517449868,0.010459780989590382,0.44904450012836605,0.001094376029758676,624138.2170394999,fixation,,,,
,,,624139.617566,,0.5351620639157725,0.6294021153393375,0.002844388338054419,0.5866779999341816,0.0006336320912169913,624139.030888,fixation,,,,
,,,624140.687471,,0.5434479379903935,0.6347213755949772,0.004843137383588325,0.7372425000648946,0.00042871440943274044,624139.9502285,fixation,,,,
,,,624142.3430649999,,0.5463892001961593,0.6284122609420396,0.028675896171039873,1.3254064999055117,0.002453905215646437,624141.0176585,fixation,,,,
,,,624142.821085,,0.5747721864254416,0.645710110912077,0.001396281509181992,0.1357990000396967,0.000476239677325535,624142.6852859999,fixation,,,,
,,,624144.4042839999,,0.6336143987585079,0.642828168714803,0.03148420621259497,0.8893274998990819,0.0027203820260119985,624143.5149565,fixation,,,,
,,,624145.1095779999,,0.5052768617384017,0.6349631026439807,0.0008146395380566851,0.05478649993892759,0.0004520472023463051,624145.0547915,fixation,,,,
,,,624147.342153,,0.5174185715633268,0.6623438497238272,0.12875115500579729,1.5432899999432266,0.005304527266747135,624145.798863,fixation,,,,
,,,624148.17086,,0.7990607247320894,0.3674362850092738,0.029128496645718135,0.49934799992479384,0.0022129726803840227,624147.671512,fixation,,,,
,,,624149.3350985,,0.3848657115805318,0.676012088989839,0.007322696552603457,0.19784850010182709,0.0009135609582289154,624149.1372499999,fixation,,,,
,,,624150.8872809999,,0.7061966936116563,0.6324951805374797,0.04160303460033758,1.2576194999273866,0.0031230793522516,624149.6296615,fixation,,,,
,,,624152.2348559999,,0.5251020039075153,0.6341029236507373,0.1047579496245693,1.0297809999901801,0.004079235973456907,624151.205075,fixation,,,,
,,,624153.5078304999,,0.4972701911733239,0.5627101575042497,0.05604434034643173,0.8923644998576492,0.003273792238527942,624152.615466,fixation,,,,
,,,624154.824548,,0.4160251773794282,0.5304169824476883,0.04021574663384404,0.7228970000287518,0.003585070681362618,624154.101651,fixation,,,,
,,,624155.7068765,,0.5393945776839284,0.5151088152268569,0.03132557629040964,0.5221555000171065,0.003719612594683638,624155.184721,fixation,,,,
,,,624156.767963,,0.5109574893027119,0.5165203171569338,0.05097239217934111,0.6973315000068396,0.003955499903392492,624156.0706315,fixation,,,,
,,,624157.9572865,,0.49296179657439343,0.5016934829027176,0.04917241361072793,0.8325399999739602,0.004074682900690031,624157.1247465,fixation,,,,
,,,624159.1792525,,0.5177632445250675,0.497079915571184,0.043011491250526286,0.8613374999258667,0.004244025067325597,624158.317915,fixation,,,,
,,,624160.158619,,0.12191228913298781,0.5246037515549555,0.020099276806341434,0.6260149999288842,0.0027985299295613646,624159.5326040001,fixation,,,,
,,,624161.167024,,0.5181627193325367,0.6591366423752735,0.08476852786095819,0.6320624999934807,0.006607976337005236,624160.5349615,fixation,,,,
,,,624162.6394094999,,0.38455876297219815,0.6303125815008299,0.02680229050734399,1.1380164999281988,0.001017000235507725,624161.501393,fixation,,,,
,,,624164.666003,,0.44698600079757994,0.5346172756622177,0.14471142105839874,1.2755370000377297,0.006360899328288795,624163.390466,fixation,,,,
,,,624165.87105,,0.42968075162600855,0.49286810495252315,0.03742041974232058,0.852877999888733,0.0036401080634950174,624165.0181720001,fixation,,,,
,,,624166.946745,,0.41586244746261297,0.5114382559320415,0.05039249684681058,0.7106205000309274,0.0037846584466015892,624166.2361244999,fixation,,,,
,,,624168.513236,,0.4320018949285704,0.5054481729840479,0.04194469034548364,1.2090740000130609,0.00323600619029238,624167.304162,fixation,,,,
,,,624169.2306525,,0.5056025580510387,0.6004493415982002,0.051264804658740226,0.36037050001323223,0.004832158631260958,624168.8702819999,fixation,,,,
,,,624170.1149115,,0.39946307177757234,0.6596334378109453,0.03574692877245899,0.5310405000345781,0.0030806561318345083,624169.583871,fixation,,,,
,,,624171.2281545,,0.38209861003010476,0.6747692750659186,0.04215114880122439,0.7579825001303107,0.004025584572627168,624170.4701719999,fixation,,,,
,,,624172.303332,,0.5213965995188687,0.5584803196643123,0.04923499332275598,0.7241094999480993,0.0037504671537826237,624171.5792225001,fixation,,,,
,,,624174.595828,,0.4595163508636871,0.5020311034103716,0.005391684003341578,1.935308999964036,0.0006034355747087006,624172.660519,fixation,,,,
,,,624175.1328855,,0.46717655160434984,0.47456219439078295,0.003906722814400121,0.20000999991316348,0.0006793917687457002,624174.9328755001,fixation,,,,
,,,624176.325773,,0.44924002520873924,0.5726113892890806,0.058077858344153355,0.8517305001150817,0.004187236798873225,624175.4740424999,fixation,,,,
,,,624177.498939,,0.77502433822374,0.4806199624394782,0.0943015162857409,0.8272159999469295,0.004346623700427304,624176.671723,fixation,,,,
,,,624178.1775905001,,0.40049527181827005,0.4936123264212092,0.02456033621653819,0.3213250001426786,0.003634996564223537,624177.8562655,fixation,,,,
,,,624179.2758165,,0.2674973635507609,0.5394283425731133,0.0432266953500459,0.7479619999649003,0.0033127504811711244,624178.5278545,fixation,,,,
,,,624180.2057355,,0.3146982271644742,0.5197147989075972,0.027032463253470956,0.5680529999081045,0.004225118098017337,624179.6376825001,fixation,,,,
,,,624182.6008875,,0.5765365636908625,0.5399887902181323,0.032960479322536415,1.9229830000549555,0.0021891817360422546,624180.6779044999,fixation,,,,
,,,624184.3828465,,0.5372351959743162,0.5790009270454138,0.06917357276309942,1.4350150000536814,0.004028292823112637,624182.9478315,fixation,,,,
,,,624184.929303,,0.5045587615747438,0.5848729223130221,0.0019414244501467916,0.19275799999013543,0.0005930157784770785,624184.736545,fixation,,,,
,,,624187.5098834999,,0.5807441260904782,0.5972103108111518,0.13054070595319198,2.235001999884844,0.005657003294402094,624185.2748815,fixation,,,,
,,,624189.272367,,0.45267898597140194,0.6284457194560578,0.06845637714938198,1.0026500000385568,0.004912765219204277,624188.269717,fixation,,,,
,,,624190.3152005,,0.27970701996415853,0.594496269861463,0.12962662981396647,0.6987240000162274,0.008001657808570824,624189.6164764999,fixation,,,,
,,,624190.969223,,0.5870355918212963,0.474579244834014,0.04790455960414902,0.3068244999740273,0.00863784941571043,624190.6623985,fixation,,,,
,,,624192.2410655001,,0.6655418678067587,0.556023585003316,0.1604425546089405,0.9274420000147074,0.006522880482697652,624191.3136235,fixation,,,,
,,,624194.3569199999,,0.5752286965966313,0.43394985629950805,0.14089916770901556,1.3579154999461025,0.00487007620030261,624192.9990045,fixation,,,,
,,,624194.809123,,0.8239899629597981,0.6238873435419183,0.0013188520934588035,0.13360950001515448,0.0006449891199137369,624194.6755135,fixation,,,,
,,,624195.576448,,0.5047927754521935,0.5211590299915976,0.015412412655228264,0.4131694999523461,0.0018227001642415431,624195.1632785001,fixation,,,,
,,,624196.669126,,0.8075793042519501,0.4312557399639767,0.03206467793911416,0.7411164999939501,0.0015534975096140255,624195.9280095,fixation,,,,
,,,624198.313309,,0.46434239610450184,0.5652992474353628,0.009837939476169295,0.33478050003759563,0.003090378097503822,624197.9785285,fixation,,,,
,,,624199.898712,,0.16687733519835635,0.5507017949396943,0.014427203452596826,1.2401190000819042,0.0015023736095416975,624198.6585929999,fixation,,,,
,,,624200.947347,,0.6478535537597667,0.6232696771633242,0.08363444986408272,0.43436049995943904,0.006731353253518457,624200.5129865,fixation,,,,
,,,624202.03103,,0.4165815812096455,0.5906347159304102,0.033625876084033696,0.6457704999484122,0.0024523046872897765,624201.3852595,fixation,,,,
,,,624203.3464595,,0.47544971439112876,0.6081621060112993,0.005153630096214762,0.969768000068143,0.0005743737093682635,624202.3766915,fixation,,,,
,,,624204.6895705,,0.4757649147002007,0.6321412551523063,0.07841896565733035,1.001644500065595,0.006471625185550923,624203.687926,fixation,,,,
,,,624205.9849980001,,0.3444451734719542,0.5749619476443332,0.12018385353930976,0.951684000203386,0.006244262218457291,624205.0333139999,fixation,,,,
,,,624206.7968555,,0.20937864413643165,0.5079276355624591,0.029368087004285875,0.4708869999740273,0.002999804168067319,624206.3259685,fixation,,,,
,,,624208.054746,,0.4195931707570472,0.5776055744907621,0.06296406546770777,0.6040494999615476,0.006824704543680554,624207.4506965,fixation,,,,
,,,624208.720702,,0.21391459919444203,0.4757674282924539,0.0095439315982505,0.33531600004062057,0.002235640730249378,624208.3853859999,fixation,,,,
,,,624210.208513,,0.3350655110355979,0.5974421630322169,0.05354778288924491,1.1554330000653863,0.0015006291680813818,624209.05308,fixation,,,,
,,,624211.6705895,,0.3589830802134243,0.5831903860994879,0.07857566441313697,1.1258895000210032,0.002904348121590786,624210.5447,fixation,,,,
,,,624212.7651295001,,0.2569473105928231,0.37964754256434313,0.026081505078314714,0.7060105000855401,0.004410591989730224,624212.059119,fixation,,,,
,,,624214.445542,,0.5566471553660585,0.6672217919160259,0.04600294036349018,1.2980910000624135,0.002321856127381892,624213.1474509999,fixation,,,,
,,,624215.8435765,,0.4988658742682645,0.6562520350895861,0.028218258788640607,1.054848499945365,0.0015688690723110207,624214.788728,fixation,,,,
,,,624217.4419809999,,0.5025883667702923,0.7030075800654335,0.01514784919632875,1.265485499985516,0.0006950909801426633,624216.1764954999,fixation,,,,
,,,624219.5395114999,,0.4193405091479649,0.6438044849367405,0.1117049270437207,1.7717539999866858,0.0040607057887540815,624217.7677574999,fixation,,,,
,,,624220.0133694999,,0.6251352245722274,0.4354433945283716,0.0035670946586781253,0.13841649994719774,0.0006932760603519634,624219.874953,fixation,,,,
,,,624221.159063,,0.4798953537206384,0.6530693848643386,0.03895154994491576,0.6817499999888241,0.006963811438697447,624220.477313,fixation,,,,
,,,624221.6813914999,,0.6428913198994943,0.29065449309110053,0.006664173269707972,0.08312499988824129,0.001961018264109183,624221.5982665,fixation,,,,
,,,624222.7090175,,0.5666802707921677,0.5213436905494222,0.02565981318885976,0.6277545001357794,0.001680449383895551,624222.0812629999,fixation,,,,
,,,624223.454254,,0.5235315926491737,0.6026497355885417,0.014340639741569162,0.4176944999489933,0.0009243976243471405,624223.0365595,fixation,,,,
,,,624224.1295304999,,0.4948973096591961,0.5666535525947832,0.00886621198074981,0.33614349993877113,0.0008149038086535084,624223.793387,fixation,,,,
,,,624225.3711534999,,0.42311615080708626,0.5105359665238132,0.02736714032563357,0.7346579999430105,0.0012438645774566345,624224.6364955,fixation,,,,
,,,624225.9047985,,0.41849120413653884,0.6023771958312198,0.0055750198657191505,0.19250500004272908,0.000589094303691971,624225.7122935,fixation,,,,
,,,624226.95991,,0.4121980935824016,0.26098025797959834,0.03212248404838297,0.3860875000245869,0.006498052102342007,624226.5738225,fixation,,,,
,,,624227.4085619999,,0.8992783143184716,0.34968982231737555,0.03341237316975737,0.059239499969407916,0.05468344421188614,624227.3493224999,fixation,,,,
,,,624228.123548,,0.5395196309443556,0.6480799860965129,0.1917482970408371,0.7087430000538006,0.022649028656555586,624227.414805,fixation,,,,
,,,624228.2751035,,0.486412708027328,0.3971373051994877,0.0019920114765966624,0.13195800001267344,0.000683564530583526,624228.1431455,fixation,,,,
,,,624228.7242594999,,0.40040268626696895,0.26071718400749516,0.01032249932445446,0.20541749999392778,0.009903370588580773,624228.5188419999,fixation,,,,
,,,624230.602934,,0.35243685600725505,0.7190176853967516,0.08912210639160359,0.9517094999318942,0.01370920258241781,624229.6512245,fixation,,,,
,,,624230.69481,,0.30185035254717907,-0.09519465757991492,0.09201509257330166,0.06327799998689443,0.063396329297308,624230.631532,fixation,,,,
